Occupation_Code_Key,Occupation_Code,Description,Skill_Level,Occupation_Date
96e79218965eb72c92a549dd5a330112,111111,Chief Executive or Managing Director,1,2024-07-09
33c807a331860c99942066de04a43127,111211,Corporate General Manager,1,2024-07-09
49d65025009bda143a374f6dee145539,111212,Defence Force Senior Officer,1,2024-07-09
38f9e8e2c8b00c7a55293d0b6d50ed4e,111311,Local Government Legislator,1,2024-07-09
61a6ab285b480677841895cc5d251cf4,111312,Member of Parliament,1,2024-07-09
a6074710358abe90ea81e3e5576f0087,111399,Legislators nec,1,2024-07-09
797f69b345f300bafd556733f3035585,121111,Aquaculture Farmer,1,2024-07-09
0b5091a6a35fbfeccd9f0ed6fd542290,121211,Cotton Grower,1,2024-07-09
93279e3308bdbbeed946fc965017f67a,121212,Flower Grower,1,2024-07-09
195ed7bf27d6a5a551b0f3dd7b961b28,121213,Fruit or Nut Grower,1,2024-07-09
ae811bcced759adefb7e3d344c49a79b,121214,"Grain, Oilseed or Pasture Grower \ Field Crop Grower",1,2024-07-09
6249cb88dd164f5f8576f26e6ca98df7,121215,Grape Grower,1,2024-07-09
ca717eb26b61c7c35d02c35fa79d6372,121216,Mixed Crop Farmer,1,2024-07-09
3fc3c7366e6371cdd8308c6084af68a4,121217,Sugar Cane Grower,1,2024-07-09
773bc84235b5ae981696cab773ccbb94,121218,Turf Grower,1,2024-07-09
96fddc1d238e5b8a9a5fa1e2dd3bd296,121221,Vegetable Grower (Aus) \ Market Gardener (NZ),1,2024-07-09
f42fc75eac59b332ae535e1a6bcc0713,121299,Crop Farmers nec,1,2024-07-09
fb7ea19e559ec8a495bf496599e8ca66,121311,Apiarist,1,2024-07-09
5a8d3123f6da405187bf57e3ae991040,121312,Beef Cattle Farmer,1,2024-07-09
e2a8daa5eb919905dadd795593084c22,121313,Dairy Cattle Farmer,1,2024-07-09
bfd925fa86084bd0300fde7fd05ddd97,121314,Deer Farmer,1,2024-07-09
c5391cea870510dc95bdcfa72e786a28,121315,Goat Farmer,1,2024-07-09
5b65f85a63fedbf0c7e265737dceb9fc,121316,Horse Breeder,1,2024-07-09
63d973cf08a91ec5f4e50569ea6b0116,121317,Mixed Livestock Farmer,1,2024-07-09
e8108160f98a0df56f8e3a4bfe70ea25,121318,Pig Farmer,1,2024-07-09
a5b025d82b184f116137f1cdd3f9afd3,121321,Poultry Farmer,1,2024-07-09
fa398c999891bb8a356e980ebcc6dd0c,121322,Sheep Farmer,1,2024-07-09
91d32c7e2bad9a73341ceb0ed68390e0,121399,Livestock Farmers nec,1,2024-07-09
8552269fa530983edf5ce94b6af6b9a6,121411,Mixed Crop and Livestock Farmer,1,2024-07-09
b0b021221fe78e6a1ee752e0e9f636cd,131112,Sales and Marketing Manager,1,2024-07-09
51fbbda9744a462b277ef411a54a6c38,131113,Advertising Manager,1,2024-07-09
17509097e86f33c959a1594ab01156aa,131114,Public Relations Manager,1,2024-07-09
6625804b83e4ca0c92651a2763692086,132111,Corporate Services Manager,1,2024-07-09
945fdeff5533d323981cee3436eeabd9,132211,Finance Manager,1,2024-07-09
408ff2f9e8435676c09e132e7257eb75,132311,Human Resource Manager,1,2024-07-09
604f8235303f64ab080ed84b9f8939ac,132411,Policy and Planning Manager,1,2024-07-09
5a30710a8af03567edee457eba3e9ada,132511,Research and Development Manager,1,2024-07-09
dab04c32bdfaebb711d16df59a241c6f,133111,Construction Project Manager,1,2024-07-09
35eeb9662932006eac83c439005fc927,133112,Project Builder,1,2024-07-09
f18d57d52c9f9f6f7ac0abdfb806af9e,133211,Engineering Manager,1,2024-07-09
bff463c3d0381fb5dc16fa074e426753,133311,Importer or Exporter,1,2024-07-09
4fcc7053033914c9150d7488f60857df,133312,Wholesaler,1,2024-07-09
5417c55be7ecec904bb6d726933213a8,133411,Manufacturer,1,2024-07-09
87115ae0d309915a4e8d74a706aeae16,133511,Production Manager (Forestry),1,2024-07-09
388de418ee1d230d414adbab1bd155a6,133512,Production Manager (Manufacturing),1,2024-07-09
5ae9c5712d44c5229b00275d46cd608a,133513,Production Manager (Mining),1,2024-07-09
c137d9bfad46b1ebcc9b3f06e6eb5683,133611,Supply and Distribution Manager,1,2024-07-09
9c5a29534d9561348e2fbb12e03d3ce0,133612,Procurement Manager,1,2024-07-09
36a2cf7b1710105ae640360102f74d03,134111,Child Care Centre Manager,1,2024-07-09
06740e7431c60c02a3f5c47e48ce5e44,134211,Medical Administrator \ Medical Superintendent,1,2024-07-09
b74b746f772e2ea40fd37654002c078b,134212,Nursing Clinical Director,1,2024-07-09
5432249ef7f912a140166dd0fbab6173,134213,Primary Health Organisation Manager,1,2024-07-09
1aa51b13d95e357dc621348556434f02,134214,Welfare Centre Manager,1,2024-07-09
9e5d1ac8c5a6cd27e8674289259b7fa3,134299,Health and Welfare Services Managers nec,1,2024-07-09
d8fa337195a7f99e5bfcac476628c438,134311,School Principal,1,2024-07-09
ec698a2b92ae8a4419ce83bae83e9ef1,134411,Faculty Head,1,2024-07-09
6d708b43a0845f5396a57a0261a10709,134412,Regional Education Manager,1,2024-07-09
766ec684a620705b350f58159eaf7d02,134499,Education Managers nec,1,2024-07-09
0dc12a495b50fb71c9a030951fb0e6e0,135111,Chief Information Officer,1,2024-07-09
f1cedecfe9505b75dd962dff90cf9ccd,135112,ICT Project Manager,1,2024-07-09
e8f5247757380a23346b60023982137b,135199,ICT Managers nec,1,2024-07-09
2515331aa60777facd4ad6078d39f516,139111,Commissioned Defence Force Officer,1,2024-07-09
a41822919cd2d771d47f9f1c8e1d907d,139112,Commissioned Fire Officer,1,2024-07-09
2a0cbb29fdd06c1037f1f744e84f7871,139113,Commissioned Police Officer,1,2024-07-09
18c2c3f723227017146368887927f463,139211,Senior Non-commissioned Defence Force Member,1,2024-07-09
ff2940f1fb109271ece0461ac225cb0a,139911,Arts Administrator or Manager,1,2024-07-09
979cc25ba2141b482a516c2b4198beff,139912,Environmental Manager,1,2024-07-09
5ebf15f87bad0c397e5eff795bfaff61,139913,Laboratory Manager,1,2024-07-09
62e7e054ef39439b952537f2e9a6764f,139914,Quality Assurance Manager,1,2024-07-09
3602ff09a39fa1918341374408f227c9,139915,Sports Administrator,1,2024-07-09
3bef2722d0e6afc04767cc77ab68a3ee,139999,Specialist Managers nec,1,2024-07-09
94e8d11a71a1f4415fc1cf7b1048a566,141111,Cafe or Restaurant Manager,2,2024-07-09
693385fb6fb5ffe8ac5edbca2033a38b,141211,Caravan Park and Camping Ground Manager,2,2024-07-09
7a8281d9e56dbe7d8182f4bd3dbeb6e9,141311,Hotel or Motel Manager,2,2024-07-09
7553d3710722d63d57b5abd240d66b4d,141411,Licensed Club Manager,2,2024-07-09
9263c1e8c36ee5ec6a24d771512f6ca4,141911,Bed and Breakfast Operator,2,2024-07-09
591e4177925d047ddd7fcc018f825a56,141912,Retirement Village Manager,2,2024-07-09
d7b8a72b949d7a7b9fbd91a35d703fcc,141999,Accommodation and Hospitality Managers nec,2,2024-07-09
4aebf9b7a666e912ae6bc41bc2c295f7,142111,Retail Manager (General),2,2024-07-09
28a006b0e09248cd08b091def8277f04,142112,Antique Dealer,2,2024-07-09
9a1e2aeb510cb78aaa44721ec460c426,142113,Betting Agency Manager,2,2024-07-09
4a42bc43637151fa16f24f6106527b30,142114,Hair or Beauty Salon Manager,2,2024-07-09
df3f9a782e9adaf552fcfc6d7581ff3d,142115,Post Office Manager,2,2024-07-09
1b63ff05fcc35820ffaefc641ff40217,142116,Travel Agency Manager,2,2024-07-09
4195feb81eb69429852324fdfc47b912,149111,Amusement Centre Manager,2,2024-07-09
edd639b3cc1b78a31a8cccea0506678c,149112,Fitness Centre Manager,2,2024-07-09
15be782ba1f1cf92edf39e2cb89a3240,149113,Sports Centre Manager,2,2024-07-09
05ce5de2412227b0e9d9f109f88d938e,149211,Call or Contact Centre Manager,2,2024-07-09
e5b36bc431f46e2c9dd71125636602a9,149212,Customer Service Manager,2,2024-07-09
aed1c6d5e3010e9ca07b34c064425b24,149311,Conference and Event Organiser,2,2024-07-09
a8c5972c90fc09fc12c94b55bc2ef535,149411,Fleet Manager,2,2024-07-09
43e16e501064242cbe65e9cc47043e05,149412,Railway Station Manager,2,2024-07-09
8ed42a255d0f96a66018bee67f98f8ba,149413,Transport Company Manager,2,2024-07-09
a48de64614b49d431c5097352760b660,149911,Boarding Kennel or Cattery Operator,2,2024-07-09
3f2d657a90165a3b305107480081cadf,149912,Cinema or Theatre Manager,2,2024-07-09
80cc1674facf1c63b78fd05aee79d217,149913,Facilities Manager,2,2024-07-09
1ab776e42c9eb5a0d139fe2fe6f1e1b1,149914,Financial Institution Branch Manager,2,2024-07-09
c7e768a43cec82484eb8574b5258d16c,149915,Equipment Hire Manager,2,2024-07-09
f49854fba8e59176359f2799470f9236,149999,"Hospitality, Retail and Service Managers nec",2,2024-07-09
9403e0b37889fbbac10892cb25d557cf,211111,Actor,1,2024-07-09
ca53a697a1e94defcca4e816368c00b3,211112,Dancer or Choreographer,1,2024-07-09
b9a13e03e1c12ecb0dd3ab618da5b55d,211113,Entertainer or Variety Artist,1,2024-07-09
2d2d436e2ad3a25fd3afe5e151ebfe7b,211199,"Actors, Dancers and Other Entertainers nec",1,2024-07-09
69080860fb6731cf4e61c5084d6f86fd,211211,Composer,1,2024-07-09
58ad342e1de4fc1e01caa6e8b1846da6,211212,Music Director,1,2024-07-09
af66f957bf8659831cd9a14a3a6cbe99,211213,Musician (Instrumental),1,2024-07-09
c9da80e560495f9d24d833a24db04105,211214,Singer,1,2024-07-09
d9637bc421985fec54fdb07e7e2154da,211299,Music Professionals nec,1,2024-07-09
c2c7e67f776418fa41e7504eb84b0efa,211311,Photographer,2,2024-07-09
f2d0e6c8fcbf8ab61073fc7361510dc0,211411,Painter (Visual Arts),1,2024-07-09
b8efcabc7922df91631931ee252228fe,211412,Potter or Ceramic Artist,"1 Aus,2 NZ",2024-07-09
ecacad45d948edea79de5c23f3bce361,211413,Sculptor,1,2024-07-09
66487aaed4e9e57696a6880c4789b0e1,211499,Visual Arts and Crafts Professionals nec,"1 Aus,2 NZ",2024-07-09
da35088caf76a6fac68d85fe25fd7766,212111,Artistic Director,1,2024-07-09
652672f20a55e79fa7cb344419e06e1c,212112,Media Producer (excluding Video),1,2024-07-09
b2fb12e27d2287a01cef2a1b4aafe813,212113,Radio Presenter,1,2024-07-09
d2566f1a3de2dc3c916d3b37f4c3da78,212114,Television Presenter,1,2024-07-09
70116137a6a13b0149b44823f89590e4,212211,Author,1,2024-07-09
634c3b0f008333b3d941be398175cc2c,212212,Book or Script Editor,1,2024-07-09
75d4950d0f7866dc62ca200e10e6573a,212311,"Art Director (Film, Television or Stage)",1,2024-07-09
1b64fadee636f3743cfba8e70ca1f408,212312,"Director (Film, Television, Radio or Stage)",1,2024-07-09
79337b65467667d3b91bad748d45b2ef,212313,Director of Photography,1,2024-07-09
4a9a8c0799edcd1acd1ebf354412e8f4,212314,Film and Video Editor,1,2024-07-09
f19157f2dbf925528ec3c21558a0d955,212315,Program Director (Television or Radio),1,2024-07-09
443bdcc9f446fb3621c754e682f98611,212316,Stage Manager,1,2024-07-09
1e4016056a77db68f50af10e5dbefdab,212317,Technical Director,1,2024-07-09
75e379050389c0df74933ac8f8d2e4b7,212318,Video Producer,1,2024-07-09
203cc0fdb21d34c23b95572118e43d66,212399,"Film, Television, Radio and Stage Directors nec",1,2024-07-09
73b763dbf48f960fd3e7ad33ea9b24a9,212411,Copywriter,1,2024-07-09
e56b9dd7377dd3ea57bcc86c52159c17,212412,Newspaper or Periodical Editor,1,2024-07-09
6fd3fb5b848a81500eeb6eb374e8b349,212413,Print Journalist,1,2024-07-09
ff62ecdbdc017e15adc4b8f2f49e2032,212414,Radio Journalist,1,2024-07-09
7650ea47c84dd6bc7fb7240080283505,212415,Technical Writer,1,2024-07-09
b1c51deeefa6ea395981922e51fb6c3d,212416,Television Journalist,1,2024-07-09
4c9063b74f8dd235c29b4918bd7166df,212499,Journalists and Other Writers nec,1,2024-07-09
47d37960e69e303e74d1fbaf3b2a50a1,221111,Accountant (General),1,2024-07-09
c29ffab208930def64992ce6c7916ba0,221112,Management Accountant,1,2024-07-09
0248be367e6c6a9ce58065af4516bb48,221113,Taxation Accountant,1,2024-07-09
733b5b94587517db9a82dd0335b38ab0,221211,Company Secretary,1,2024-07-09
5faf255d9a87062c9fe3d53e88ba4da7,221212,Corporate Treasurer,1,2024-07-09
206a48680afe5244c1cd5a1ad68e76ef,221213,External Auditor,1,2024-07-09
9dab7e66d7467b9277aa31cbf8de5f02,221214,Internal Auditor,1,2024-07-09
0276cbf4fbfedd53ba48720a58df77e3,222111,Commodities Trader,2,2024-07-09
ff9e7bf01031b5c2e519b08f3b92effd,222112,Finance Broker,2,2024-07-09
4d325dca4f5642e3b447dcf01df6e7df,222113,Insurance Broker,2,2024-07-09
826a063c55fbb5ed2ba7254909dd5c4c,222199,Financial Brokers nec,2,2024-07-09
9ec683f76315bfb2c8699ef196ac5e94,222211,Financial Market Dealer,"1 Aus,2 NZ",2024-07-09
d120dc1c9b28099f69abf8bfdc62f6c3,222212,Futures Trader,"1 Aus,2 NZ",2024-07-09
6415f1f53dac381283000e04698acf96,222213,Stockbroking Dealer,"1 Aus,2 NZ",2024-07-09
2742f6d4bb2293c93f95d8713018844c,222299,Financial Dealers nec,"1 Aus,2 NZ",2024-07-09
c646c67e216c8180c3dd7138a8ef772c,222311,Financial Investment Adviser,"1 Aus,2 NZ",2024-07-09
734c2366eeb05016f8dc7cb98a58f525,222312,Financial Investment Manager,"1 Aus,2 NZ",2024-07-09
70a5e02c2c8e31af8401ad539f9b4858,223111,Human Resource Adviser,1,2024-07-09
7ea11c516d627c63f5bd57a87f2e65ba,223112,Recruitment Consultant,1,2024-07-09
bf63f84faadcfaf28770fdaf2f778fd8,223113,Workplace Relations Adviser,1,2024-07-09
3fb39fc67f85b7f31b7b29b6fb2a53a9,223211,ICT Trainer,1,2024-07-09
e8063112f23f46de67c00ea437fe9eca,223311,Training and Development Professional,1,2024-07-09
f72a8d88b4d2a8ca6ebd5d4ba95eb552,224111,Actuary,1,2024-07-09
db773b73880875475b48afa4a3fa850a,224112,Mathematician,1,2024-07-09
9f8ea62f9200ba29d22479c40547fa57,224113,Statistician,1,2024-07-09
b9cca2829f51eca99ac281e1db1a4779,224211,Archivist,1,2024-07-09
4744e164b3474f5485d7fcbf8bf84ef3,224212,Gallery or Museum Curator,1,2024-07-09
2d129a87f82cc4a0ed7fa394a503d889,224213,Health Information Manager,1,2024-07-09
f1323fdf9718b767c54d52d7aa570a57,224214,Records Manager,1,2024-07-09
d3ff5d4153b456261983fa796580179c,224311,Economist,1,2024-07-09
029f8ff14da1f3b07fcdd25ac0b0a492,224411,Intelligence Officer,1,2024-07-09
a8a7e1c52d2c28b691797141eaee779a,224412,Policy Analyst,1,2024-07-09
3f0cc15ece40300f949f9d21230f58b2,224511,Land Economist,1,2024-07-09
ce6bb44299f473ff09065dbfafd137d3,224512,Valuer,1,2024-07-09
017ea46a2848f450a373ab90e07a006f,224611,Librarian,1,2024-07-09
70542cd89f8ea914293a2ea072f7c859,224711,Management Consultant,1,2024-07-09
a6a89daa81844a52cc8b1084add303ec,224712,Organisation and Methods Analyst,1,2024-07-09
d831511e899cb8bcc738758d78659c57,224911,Electorate Officer,1,2024-07-09
ad932c94102b7e4f1b21712e26465725,224912,Liaison Officer,1,2024-07-09
3a63590b2e4a6244861dd858cd348a33,224913,Migration Agent \ Immigration Consultant,1,2024-07-09
add4ec2c53b48e04934ed783dc259013,224914,Patents Examiner,1,2024-07-09
c13c351a50f94e12490d7bb3ae687372,224999,Information and Organisation Professionals nec,1,2024-07-09
debe6d1f2927ad927ebdcfe4c89e3f65,225111,Advertising Specialist,1,2024-07-09
751087cecc3119cb8b5664c9b2bae742,225112,Market Research Analyst,1,2024-07-09
1984465d76a8e4a7bd960eb38a3526bc,225113,Marketing Specialist,1,2024-07-09
a121d78098df36a7a5f67281cefdbd91,225211,ICT Account Manager,1,2024-07-09
6415eed0235407ce832ac8239e90f643,225212,ICT Business Development Manager,1,2024-07-09
13baed110783ead1e25d6903c4834209,225213,ICT Sales Representative,1,2024-07-09
ab94f36c781a098cc556083e9189a8bc,225311,Public Relations Professional,1,2024-07-09
979bb8acaedce359fd6f754f968b74ca,225411,Sales Representative (Industrial Products),1,2024-07-09
ae11a21680f713b46ee9483f36fe828c,225412,Sales Representative (Medical and Pharmaceutical Products),1,2024-07-09
b29a1fc8579c7a81e7791c48a330d4b4,225499,Technical Sales Representatives nec,1,2024-07-09
e2696219b90e23d4fab1b20321f30d26,231111,Aeroplane Pilot,1,2024-07-09
5b3fdc8acf55b9d7f8785dea477e40b5,231112,Air Traffic Controller,1,2024-07-09
b47fa209c32d3219d221baccea8f83e6,231113,Flying Instructor,1,2024-07-09
06102fc701a17ec051a8b723f81bdd3f,231114,Helicopter Pilot,1,2024-07-09
f4843f082dfa143ff26c814c95fc0da0,231199,Air Transport Professionals nec,1,2024-07-09
8c186f92ec604040962b2490a0d2ecfa,231211,Master Fisher,2,2024-07-09
fb56cf6420ad629e3029fe7e9cd5a0ee,231212,Ship's Engineer,2,2024-07-09
276150520c270123fc15b3bc80c0d171,231213,Ship's Master,2,2024-07-09
5f126af3933b229d82e48c17d7a47187,231214,Ship's Officer,2,2024-07-09
0a29c004feb015fbc590f1e0bd554e3e,231215,Marine Surveyor,2,2024-07-09
8418079f637d7eb34d736a0a075d0b25,231299,Marine Transport Professionals nec,2,2024-07-09
5d5cf0d006578902a0d50ff33abc2d6f,232111,Architect,1,2024-07-09
18939521710a32cef72a48e825c790a7,232112,Landscape Architect,1,2024-07-09
8624903a305c6c944972f9c33574339c,232212,Surveyor,1,2024-07-09
1252f5ba3e60e1fe92fe822e2ffa5bb5,232213,Cartographer,1,2024-07-09
df99e6edd959999e37728477724dce82,232214,Other Spatial Scientist,1,2024-07-09
1a22f0ef3aec25d1cb15d26895d13b88,232311,Fashion Designer,1,2024-07-09
dc1ac31dc1f46fd8cd87dd19879fc009,232312,Industrial Designer,1,2024-07-09
a8fcf4731071beb12a485f200246e040,232313,Jewellery Designer,1,2024-07-09
f38d1e165ebb619998af7d5de2496685,232411,Graphic Designer,1,2024-07-09
3556e37f7a086330605a93214946ad7a,232412,Illustrator,1,2024-07-09
6d01c68761fb0e48b53a4f5ebf2e77f7,232413,Multimedia Designer,1,2024-07-09
1d8c8a30906f8172e68057f172211e4c,232414,Web Designer,1,2024-07-09
e8be1cad145f1c089d45ca097c2d12fa,232511,Interior Designer,2,2024-07-09
afb977e6e8e4d5cad52135a17bbf90cc,232611,Urban and Regional Planner,1,2024-07-09
dd738927b7475552cc14ec0ac154ecad,233111,Chemical Engineer,1,2024-07-09
c8c8e6bafd8451fc1f88b7b3121e9dfa,233112,Materials Engineer,1,2024-07-09
ce0a7c6ed5c57e7f04fb64723acb1b63,233211,Civil Engineer,1,2024-07-09
8e5101bb9c04667469910a929d6f822a,233212,Geotechnical Engineer,1,2024-07-09
7b072bb275af7e9c63c4f67711f70719,233213,Quantity Surveyor,1,2024-07-09
5e460510d8768a0a4b529e4db61a9f68,233214,Structural Engineer,1,2024-07-09
4807ec840a855f066543fa0ce4d032ed,233215,Transport Engineer,1,2024-07-09
da0b1d82c9a613f420c447b2d1772d3b,233311,Electrical Engineer,1,2024-07-09
9116918cd690d3e74b4630d9b8998579,233411,Electronics Engineer,1,2024-07-09
f090540b08f3a3de99d90539cb48c0c0,233511,Industrial Engineer,1,2024-07-09
166385a82c15f66b0fe19290502a3876,233512,Mechanical Engineer,1,2024-07-09
c2b3b143e8daff3ce3fc6302c4df6f66,233513,Production or Plant Engineer,1,2024-07-09
d4e156cae6967f3a08f6be36ad46a7da,233611,Mining Engineer (excluding Petroleum),1,2024-07-09
819f9d708d7826e47f44ebf4a0355581,233612,Petroleum Engineer,1,2024-07-09
3db2595a13f8e4f7a21337318b8b94f3,233911,Aeronautical Engineer,1,2024-07-09
180d8b71e2b293043731b8042f0f6def,233912,Agricultural Engineer,1,2024-07-09
79b1019643eda6d5371740a002a020c4,233913,Biomedical Engineer,1,2024-07-09
14ed2dd0728345ca10b90877c00ac195,233914,Engineering Technologist,1,2024-07-09
26066a6cd822f5a6faddf9dd28fa8355,233915,Environmental Engineer,1,2024-07-09
250394640a1c98e882c1364ea64155a1,233916,Naval Architect \ Marine Designer,1,2024-07-09
9db79ed4dfed50ac80649fd4ab37e771,233999,Engineering Professionals nec,1,2024-07-09
423a7fc03d6f9c6763a3e38d611728e9,234111,Agricultural Consultant,1,2024-07-09
f0ac03d389d2efbaea417ebc3d21af05,234112,Agricultural Scientist,1,2024-07-09
1702b95c1f4d3a239084de0bb057e9d3,234113,Forester \ Forest Scientist,1,2024-07-09
5ebc4018b1f0e2bec4d24abeeede20c0,234211,Chemist,1,2024-07-09
81d16f4097a1feef32b77c9703b14821,234212,Food Technologist,1,2024-07-09
4d7e2057254ed648372156265e59995c,234213,Wine Maker,1,2024-07-09
f92e1c690c19fc26609df65b5543616e,234311,Conservation Officer,1,2024-07-09
4ace40a1d767625d08381c3db60f3f7b,234312,Environmental Consultant,1,2024-07-09
58bf043b7057bd30ce293a68e7313859,234313,Environmental Research Scientist,1,2024-07-09
f9baf7dcb5b77959fbdad5bcd1e16033,234314,Park Ranger,1,2024-07-09
3d1f9e7466cf77a4ef7b99a02edba04c,234399,Environmental Scientists nec,1,2024-07-09
117320d3f0de8a5fc1e3ca6c334cc175,234411,Geologist,1,2024-07-09
6202c92508e2a535fd343549fddacf3e,234412,Geophysicist,1,2024-07-09
e0b5aa6a6841a670765de236b908688a,234413,Hydrogeologist,1,2024-07-09
d627aa33a1b8e5903402c88fa312a0b0,234511,Life Scientist (General),1,2024-07-09
4204c551df88a48a21f3ef8ea993133b,234513,Biochemist,1,2024-07-09
0e349107a7a89ca064e6679a586d2f6f,234514,Biotechnologist,1,2024-07-09
db2146cfca6566cae25fa11f4b0a7690,234515,Botanist,1,2024-07-09
40e818de67a1e61674672f400f21d4fd,234516,Marine Biologist,1,2024-07-09
383de0ff6f5a31731dbd27a7278bbccf,234517,Microbiologist,1,2024-07-09
04dfdb7cb583e9271f5ac08e1f8aaf43,234518,Zoologist,1,2024-07-09
0f523fa242b4dfb8ae87542fe7341e2b,234599,Life Scientists nec,1,2024-07-09
b2c143c4ab0bcc1e9e7b61bdb9022c62,234611,Medical Laboratory Scientist,1,2024-07-09
11b29ebcbe164cd51c46d3996cf67ef5,234711,Veterinarian,1,2024-07-09
854a9ec5acfbd2b66eec324fdece8d5d,234911,Conservator,1,2024-07-09
80b45958734d57443fb65fe91d4137d6,234912,Metallurgist,1,2024-07-09
2788df7340fc23443984aeaa8a23b786,234913,Meteorologist,1,2024-07-09
7df84ab61120768a96d7a56f998291fa,234914,Physicist,1,2024-07-09
43138625349c6c7b5049cb18eee37337,234915,Exercise Physiologist,1,2024-07-09
f67e94a746acf8bee4dd1b716f7a734a,234999,Natural and Physical Science Professionals nec,1,2024-07-09
9e87eaddae62e5cfafb29d7e45233396,241111,Early Childhood (Pre-primary School) Teacher,1,2024-07-09
cac41d02d090b8ff6e6919d5130fc679,241112,Kaiako Kohanga Reo (Maori Language Nest Teacher),1,2024-07-09
f166a978f2c7ecf5df641f24a696fa87,241211,Kaiako Kura Kaupapa Maori (Maori-medium Primary School Teacher),1,2024-07-09
8db14d6b6d364de1073dd6a1b9288a2a,241212,Pouako Kura Kaupapa Maori (Maori-medium Primary School Senior Teacher),1,2024-07-09
e79227c2ac3f1600570695390d60f27e,241213,Primary School Teacher,1,2024-07-09
7e597b2b6ad68b6b90859762e6441302,241311,Middle School Teacher \ Intermediate School Teacher,1,2024-07-09
c9a5108feba73b9ec117e2128cabab0c,241411,Secondary School Teacher,1,2024-07-09
8a7f2f7d52c3fceb9e50a5c1b6a0cf1a,241511,Special Needs Teacher,1,2024-07-09
227c6895365216e93eb41685c7be1f8a,241512,Teacher of the Hearing Impaired,1,2024-07-09
d36711af8371898cee4ae20770f7d5a0,241513,Teacher of the Sight Impaired,1,2024-07-09
96e411198e505782da18183e776110ef,241599,Special Education Teachers nec,1,2024-07-09
e95e3e3068792121f0af097f711f43c5,242111,University Lecturer,1,2024-07-09
09b10e3aabce9cd706e08674497defd5,242112,University Tutor,1,2024-07-09
2e748c2cf113b34f98f9bbcaa2f3e535,242211,Vocational Education Teacher \ Polytechnic Teacher,1,2024-07-09
f56244fa044e587cf95088ab02ca3cd6,249111,Education Adviser,1,2024-07-09
fa35409eb6ef627741c9fd98769b5f83,249112,Education Reviewer,1,2024-07-09
df26a7383805a2fb34fb7a3b0f92eb51,249211,Art Teacher (Private Tuition),1,2024-07-09
82b0310b56370a3eaafd4c9e49c82d26,249212,Dance Teacher (Private Tuition),1,2024-07-09
e57292920be08fd5864f593d78ebb56a,249213,Drama Teacher (Private Tuition),1,2024-07-09
3563018a0b0697c347272587353fd7d6,249214,Music Teacher (Private Tuition),1,2024-07-09
937ead54f47f4e991863617db5752301,249299,Private Tutors and Teachers nec,1,2024-07-09
c30493a271fa3c4705669ffdc982b91a,249311,Teacher of English to Speakers of Other Languages,1,2024-07-09
6578846ea8279140e3f8cdcc85542712,251111,Dietitian,1,2024-07-09
4498b800cda0c8d03d524c7515216dcd,251112,Nutritionist,1,2024-07-09
0e2f17b0b1e2898f4abb3e7dad8c4ab9,251211,Medical Diagnostic Radiographer,1,2024-07-09
c50145b6d136af31c05b74c7fb779779,251212,Medical Radiation Therapist,1,2024-07-09
1a5be7059d90d9e274777933ba00c6c2,251213,Nuclear Medicine Technologist,1,2024-07-09
17575c3427b14dc2b8e9aedf683c6c82,251214,Sonographer,1,2024-07-09
6c4b3a0d05d99b13fc6813916dfbd7b5,251311,Environmental Health Officer,1,2024-07-09
b4e4be8702050479dce364e0bf9018af,251312,Occupational Health and Safety Adviser,1,2024-07-09
2795797892805cd71bc7e70ebe09d927,251411,Optometrist,1,2024-07-09
037087904e9cbeb95df7bbce255098a7,251412,Orthoptist,1,2024-07-09
098c6a21d842ef5d0d6e69aa4e4856f3,251511,Hospital Pharmacist,1,2024-07-09
fb27e78182ebaf7e48d53aa2b9279b67,251512,Industrial Pharmacist,1,2024-07-09
53e46932d07819043b413d5358a81f32,251513,Retail Pharmacist,1,2024-07-09
653917d5fb1426856123c93ec570f393,251911,Health Promotion Officer,1,2024-07-09
533271e81d9d9ad23407405ecbebb3e8,251912,Orthotist or Prosthetist,1,2024-07-09
8ece570c71a9ad14ab1340e81d537321,251999,Health Diagnostic and Promotion Professionals nec,1,2024-07-09
50733cffd337ec9f2051bc41aeeb07a1,252111,Chiropractor,1,2024-07-09
0537c9ad91c88da163ae163bc1cbf715,252112,Osteopath,1,2024-07-09
851db75ef60ebe3b7c9e5de351d5f5f6,252211,Acupuncturist,1,2024-07-09
cc8b5018b21c8d19d7abd9cd69d6bd9b,252212,Homoeopath,1,2024-07-09
af95a3d85ebf89b591e2e5bdc690a572,252213,Naturopath,1,2024-07-09
2088ca37b2720cc9b80b3ce897afd2d8,252214,Traditional Chinese Medicine Practitioner,1,2024-07-09
fabcc37c01508d8536dff0f154525e26,252215,Traditional Maori Health Practitioner,1,2024-07-09
5d82ed838753ef6a190cffa7432596be,252299,Complementary Health Therapists nec,1,2024-07-09
9e7d4d541f83fbc65fc71fd11b441ed0,252311,Dental Specialist,1,2024-07-09
e6d6814b62d8b8726cb174ed58bfdf98,252312,Dentist,1,2024-07-09
6df40a93df4be9e360971f8edc56b8ee,252411,Occupational Therapist,1,2024-07-09
037b6831a78c7c36ec81cde6d59d51ac,252511,Physiotherapist,1,2024-07-09
3e9e916d7494d788bdea0184540082fd,252611,Podiatrist,1,2024-07-09
24322c61fde17eb1b1ee1ba26d145362,252711,Audiologist,1,2024-07-09
7081b34abb9a563ad4eda0f837ba7113,252712,Speech Pathologist \ Speech Language Therapist,1,2024-07-09
33cb31b970b8690b6229b06964e440e8,253111,General  Practitioner,1,2024-07-09
8ee5850af664812e34f072cacac9477c,253112,Resident Medical Officer,1,2024-07-09
12edb76f53e142ebcbbf3945cfa93796,253211,Anaesthetist,1,2024-07-09
cd4cf2d0ad8871d7e3ec141fb55508da,253311,Specialist Physician (General Medicine),1,2024-07-09
f8fbf529134cb71a0b7e7e5f0c306c22,253312,Cardiologist,1,2024-07-09
88497563454a623f53370502a8d0b593,253313,Clinical Haematologist,1,2024-07-09
61a3ad814b9ad51b71dbea923290a03d,253314,Medical Oncologist,1,2024-07-09
fc8f023406ce008862d08a206cf9df03,253315,Endocrinologist,1,2024-07-09
ab7616257a44e24f04381c951079982f,253316,Gastroenterologist,1,2024-07-09
836f64c7466861e0b423adf62b934a0d,253317,Intensive Care Specialist,1,2024-07-09
b72a942e14209ba41c77f714c1f3be44,253318,Neurologist,1,2024-07-09
7fa8caa1a91d8d32a17afe0b042b6ab6,253321,Paediatrician,1,2024-07-09
c8ae0f861ccdd27d37b29cc9de88d37a,253322,Renal Medicine Specialist,1,2024-07-09
b443bb4cab411355060bdf5f98d6f981,253323,Rheumatologist,1,2024-07-09
7f998f2880a9dbc4c4c2d8431d44372f,253324,Thoracic Medicine Specialist,1,2024-07-09
7a2697a19a5c1523dd90223b374ffd03,253399,Specialist Physicians nec,1,2024-07-09
74c72ea38ce0858c114040b70a94271e,253411,Psychiatrist,1,2024-07-09
94547674b622e38b7602f2fdb2a1f10e,253511,Surgeon (General),1,2024-07-09
4133720bfa4a6b12d0c24387da7fcd8f,253512,Cardiothoracic Surgeon,1,2024-07-09
5c1c45e94a734522d63b1ff453273454,253513,Neurosurgeon,1,2024-07-09
187787988cf38e48f6106f1b614cf49e,253514,Orthopaedic Surgeon,1,2024-07-09
af0cdb8d2ad3fd39c2c6a7176a05392c,253515,Otorhinolaryngologist,1,2024-07-09
568edba643e022d4553b7ccb05eb154d,253516,Paediatric Surgeon,1,2024-07-09
264353dec9d1e0d5b5b18faaa4ce86f9,253517,Plastic and Reconstructive Surgeon,1,2024-07-09
425a37e3562583126e5f3627cbd8f9bb,253518,Urologist,1,2024-07-09
bfa010ab6c01e42b2e86aa0e26f21d4f,253521,Vascular Surgeon,1,2024-07-09
0afc4b2009fae670a6390b5e2587c649,253911,Dermatologist,1,2024-07-09
1ed8824eea9ea062aac94a44964a46da,253912,Emergency Medicine Specialist,1,2024-07-09
68fc0e58e36d10d4d5c68ade6b2abe8d,253913,Obstetrician and Gynaecologist,1,2024-07-09
2f45175b38c539f1ff2d8d410027efd0,253914,Ophthalmologist,1,2024-07-09
c29a04e6be2878a5e5bd788dc794f0fc,253915,Pathologist,1,2024-07-09
c728a8e5485bb18c38bdc5be2b9b5ec0,253917,Diagnostic and Interventional Radiologist,1,2024-07-09
2eba6ef37ac9b1344c9c466446d0072a,253918,Radiation Oncologist,1,2024-07-09
e6e9f31d8bc5b23601d811c47e8c90b1,253999,Medical Practitioners nec,1,2024-07-09
e438d6913e4ac772e6c0d0b892b02051,254111,Midwife,1,2024-07-09
c77ac70600f640f36d858459a142d432,254211,Nurse Educator,1,2024-07-09
0d3435dfe6fcacae0143b8c9937cc4e3,254212,Nurse Researcher,1,2024-07-09
8697f035336df48e7a5c2973777fd8b5,254311,Nurse Manager,1,2024-07-09
4c26c1179ef6339a40a812d290264b8d,254411,Nurse Practitioner,1,2024-07-09
65aaa068b57ebff9f1c33bdd406b4fff,254412,Registered Nurse (Aged Care),1,2024-07-09
05f8d949511d6781471ef30555667138,254413,Registered Nurse (Child and Family Health),1,2024-07-09
6082d655c5c1d09f5023693ed7cec537,254414,Registered Nurse (Community Health),1,2024-07-09
4439fd054c606174f1bade24dbe488dd,254415,Registered Nurse (Critical Care and Emergency),1,2024-07-09
71c7de8212d8f1b7af62df275dc533d8,254416,Registered Nurse (Developmental Disability),1,2024-07-09
c4dab3fe53ad0c1628b16bd40c3fdcdf,254417,Registered Nurse (Disability and Rehabilitation),1,2024-07-09
8a0a14f79b719e64537b060d71e691c8,254418,Registered Nurse (Medical),1,2024-07-09
e868f84de654498e9878b2b70e68ced7,254421,Registered Nurse (Medical Practice),1,2024-07-09
e856d9ee5d6417e6bd34d97c7ed9e579,254422,Registered Nurse (Mental Health),1,2024-07-09
d539ce4c7c08d5d41d2562a730240e09,254423,Registered Nurse (Perioperative),1,2024-07-09
c21ceff81f372048509914fdf9ee4804,254424,Registered Nurse (Surgical),1,2024-07-09
547c3d9fadf02d639f3781c7278832cb,254425,Registered Nurse (Paediatrics),1,2024-07-09
94bdf3ab7de59690a7695bd741796f90,254499,Registered Nurses nec,1,2024-07-09
324a28ef4d57a69d9c20891348588606,261111,ICT Business Analyst,1,2024-07-09
edce5a6a184a80029d45c627b8d8a1c7,261112,Systems Analyst,1,2024-07-09
7984add09985ea01cdf2094e95b3e236,261211,Multimedia Specialist,1,2024-07-09
a6c609fdf7f1de858673bb52b493b639,261212,Web Developer,1,2024-07-09
75cb4b2e2989ceb401b400c50cfe6433,261311,Analyst Programmer,1,2024-07-09
9eb58f4423de1694d5fa849a45734f17,261312,Developer Programmer,1,2024-07-09
03bd032d00bc912d68445f1eb7d9bd49,261313,Software Engineer,1,2024-07-09
712dc67c9ca4635f3e77038f6a936691,261314,Software Tester,1,2024-07-09
2f2c10c052d5395592a635372dd79b29,261399,Software and Applications Programmers nec,1,2024-07-09
ef65cbc449b5682268c14937c6caff70,262111,Database Administrator,1,2024-07-09
d146ac3ce814d496c965783765cd80cf,262112,ICT Security Specialist,1,2024-07-09
dbce2086d38925b140fcca7d519bb6bf,262113,Systems Administrator,1,2024-07-09
bd06b779f9d941c24f6ff271945dd6f1,263111,Computer Network and Systems Engineer,1,2024-07-09
dc468aa2ac60bcf3a7affdc7662293ac,263112,Network Administrator,1,2024-07-09
1670e3e7e71b0b50dc2fe51319c7f3ee,263113,Network Analyst,1,2024-07-09
ecf228826831cda6761533b53756dfcb,263211,ICT Quality Assurance Engineer,1,2024-07-09
6c2e5da30b3b72ae25f85d6a9eacd518,263212,ICT Support Engineer,1,2024-07-09
a46bc87210233e0a7364d74d37ead7d1,263213,ICT Systems Test Engineer,1,2024-07-09
d9e68a0fca91434ab07e8062d1b48c9d,263299,ICT Support and Test Engineers nec,1,2024-07-09
6a6cee2e337c0a44fa84d6b013fb2f49,263311,Telecommunications Engineer,1,2024-07-09
5d4c8f0b74ba8475ca57506e21434aaf,263312,Telecommunications Network Engineer,1,2024-07-09
e9b00426351d2f11015045de012477d3,271111,Barrister,1,2024-07-09
0594e0a7242bb6d64674ae312314069c,271211,Judge,1,2024-07-09
ca5aa14d59d35f936ad2e6c981445fac,271212,Magistrate,1,2024-07-09
baefcbe5820413d65b49fe4403643100,271213,Tribunal Member,1,2024-07-09
a7eaac93cc5e9882adaacd053bb30625,271214,Intellectual Property Lawyer,1,2024-07-09
08bfe62a1bece4c5f66c784a012937af,271299,Judicial and Other Legal Professionals nec,1,2024-07-09
22562d2b6a8c0ef119b8ec9790ef5c6b,271311,Solicitor,1,2024-07-09
7ff3e28ddeca0cd841b003d77c9d4276,272111,Careers Counsellor,1,2024-07-09
5f0edae001407e148ca4a4f9a1d55912,272112,Drug and Alcohol Counsellor,1,2024-07-09
a1a390602b5c6ee83747f83bd82f8e7b,272113,Family and Marriage Counsellor,1,2024-07-09
f5a3cee8ac1c1f5e889cc80d2d1d4424,272114,Rehabilitation Counsellor,1,2024-07-09
b3f2dd34a29f1ce5da423783e417ee75,272115,Student Counsellor,1,2024-07-09
a661b6867037c10c6beaaa9b78a0769f,272199,Counsellors nec,1,2024-07-09
a146bcbdc80c81fca28b0dcc6c1e1c28,272211,Minister of Religion,1,2024-07-09
78b7d0aea6c11fb89386a43c7fac017c,272311,Clinical Psychologist,1,2024-07-09
57038753d8eeb1f4a323794596b7d302,272312,Educational Psychologist,1,2024-07-09
bdb264528122993d4e9302e1f08a7d85,272313,Organisational Psychologist,1,2024-07-09
3419707623b6d624e568a4947fb7a34b,272314,Psychotherapist,1,2024-07-09
8e622db4b8166b9248faf1d7f032ce1c,272399,Psychologists nec,1,2024-07-09
1ae18d5f8e628c9600ff2d319bcb010b,272411,Historian,1,2024-07-09
919d2ef7e80fd4cacabbeb9f2a80e3b2,272412,Interpreter,1,2024-07-09
be9437edb8e54d9097554fb1c256f957,272413,Translator,1,2024-07-09
525b2255fe84b8e4649d229b5ae55e1d,272414,Archaeologist,1,2024-07-09
16f1b529a1d0ad864ba3626c6e4c298e,272499,Social Professionals nec,1,2024-07-09
50143aab05f6956051070dabb3562776,272511,Social Worker,1,2024-07-09
f928ed0fb7b0e858bb9b483080b2894c,272611,Community Arts Worker,1,2024-07-09
d04687052c58de9f2174672aa7039e1a,272612,Recreation Officer \ Recreation Coordinator,1,2024-07-09
c6e61ea9d09f2b9a2f6fe0d14a5a54a3,272613,Welfare Worker,1,2024-07-09
aeea172ad0c9c5b5b04756a3908b5ac6,311111,Agricultural Technician,2,2024-07-09
c9f17bc16cb0a78f50c246094bb720b0,311211,Anaesthetic Technician,2,2024-07-09
6969c3db59dd5930af79158b7207a7c0,311212,Cardiac Technician,2,2024-07-09
7e03e05a3d124769d16724ae49b896d0,311213,Medical Laboratory Technician,2,2024-07-09
c31d102b77db665b32d8c701962efa10,311214,Operating Theatre Technician,3,2024-07-09
b721e428bce796a4b7cbab6c931eaafe,311215,Pharmacy Technician,2,2024-07-09
fd61499a68d01ecd2f0787581450e4ba,311216,Pathology Collector \ Phlebotomist,3,2024-07-09
4810a1c1324e36e1d9ce3c945423fe9c,311299,Medical Technicians nec,2,2024-07-09
c18ca3585403bf986dc1fc77f72d757f,311311,Fisheries Officer,2,2024-07-09
98ccd61c93d74684d3fa838011141481,311312,Meat Inspector,2,2024-07-09
d1397ad8775f38fff25b04047a9aed03,311313,Quarantine Officer,2,2024-07-09
811d72a4ba333734850e9a8c46630bb4,311399,Primary Products Inspectors nec,2,2024-07-09
4e8505c2b9d17373d56e3e70e6247f11,311411,Chemistry Technician,2,2024-07-09
cc9b5a0d2f4f8d914cb9cc822d4d408e,311412,Earth Science Technician,2,2024-07-09
a0d80d8effc2bc2b865cb6ae5396e862,311413,Life Science Technician,2,2024-07-09
18b68ae0a03f774e144f488766bab404,311414,School Laboratory Technician,2,2024-07-09
4926b2c6d5e4d5d7cf0932937d67e119,311415,Hydrographer,2,2024-07-09
23ef9941b664fc9f342998b278eb8978,311499,Science Technicians nec,2,2024-07-09
f88a31ddf126e94bdcd2e7eabd8c1def,312111,Architectural Draftsperson,2,2024-07-09
cf3f822da24929e26f2e657d06940f96,312112,Building Associate,2,2024-07-09
bd87040795d1be7992270d1496253c0a,312113,Building Inspector,2,2024-07-09
ec3f983cde8b4637149f90a17ee6345d,312114,Construction Estimator,2,2024-07-09
14385588447dc18507c7ef6a7ccd5492,312115,Plumbing Inspector,2,2024-07-09
6bb0519e07a3cd96dfc6e3aec9aa32e7,312116,Surveying or Spatial Science Technician,2,2024-07-09
fcf4176f1ea8e279eace1a391a25951f,312199,"Architectural, Building and Surveying Technicians nec",2,2024-07-09
3556131405d0eef7241e48353f4854e9,312211,Civil Engineering Draftsperson,2,2024-07-09
f109ab6048862d2b8121de25985c4772,312212,Civil Engineering Technician,2,2024-07-09
5df2adf13b57558a8b0235c05d20f29c,312311,Electrical Engineering Draftsperson,2,2024-07-09
fa61f827f0f5373133b11cc20d835a79,312312,Electrical Engineering Technician,2,2024-07-09
b4b081dba78d2a72adfae69cfac253b9,312411,Electronic Engineering Draftsperson,2,2024-07-09
f81c6a12be8de3638aeb606a44e3567b,312412,Electronic Engineering Technician,2,2024-07-09
158054798a3773a1e8b37f47333f62a2,312511,Mechanical Engineering Draftsperson,2,2024-07-09
9e9c46ee8f4c9ee6d302ac79c9a7670d,312512,Mechanical Engineering Technician,2,2024-07-09
52b9fa9ef0f6ae80bc937da7fc5f6f24,312611,Safety Inspector,2,2024-07-09
313cf9e9ccc591313c7bf87b7dfa7710,312911,Maintenance Planner,2,2024-07-09
611786ee79a97c155dffec7ef445a503,312912,Metallurgical or Materials Technician,2,2024-07-09
ed71927d18f6dd141fcbf069b10f6a96,312913,Mine Deputy,2,2024-07-09
63e079776afedc101588e822c2219140,312999,Building and Engineering Technicians nec,2,2024-07-09
101143e860826ca9705f989a208e3ddc,313111,Hardware Technician,2,2024-07-09
004ee8eb8dd6ce658b493ca9501e9e95,313112,ICT Customer Support Officer,2,2024-07-09
24166d6a64e70d634bd78acde4792adf,313113,Web Administrator,2,2024-07-09
9a7b65266d8f8543ccc6667163749a04,313199,ICT Support Technicians nec,2,2024-07-09
84325efc0abd0cf610ea6ac1411f7bc9,313211,Radiocommunications Technician,2,2024-07-09
d130942ffbae67114b54dfd215b1276a,313212,Telecommunications Field Engineer,2,2024-07-09
5327b0d1bfa868acb9baac5a9d901815,313213,Telecommunications Network Planner,2,2024-07-09
0948c96edcfea7b671caeacd39232ff6,313214,Telecommunications Technical Officer or Technologist,2,2024-07-09
5156df7c331a3e641e09d9d87939f8ae,321111,Automotive Electrician,3,2024-07-09
715cd3113ad45e038f826857ad9a153e,321211,Motor Mechanic (General),3,2024-07-09
3ab58744ea444ea5f217862080df5e50,321212,Diesel Motor Mechanic,3,2024-07-09
1d389bcbac331adc6cc65c694bf10c40,321213,Motorcycle Mechanic,3,2024-07-09
67d1a0d9339d81a2e86bfa99167af661,321214,Small Engine Mechanic,3,2024-07-09
a69236a09a4b15af60b34cc2fa7071e5,322111,Blacksmith,3,2024-07-09
38c896388cb2b5fe7298581d8ba37e43,322112,Electroplater,3,2024-07-09
71ccab4819f73fbd7186635beb10c383,322113,Farrier,3,2024-07-09
e91d95c4647143e7b06a2df71ab3b0c3,322114,Metal Casting Trades Worker,3,2024-07-09
2e4f1f7f8eaee68cead599a2cf1210f7,322115,Metal Polisher,3,2024-07-09
7f392f64615e6c1981e1c0a9ac2e00cf,322211,Sheetmetal Trades Worker,3,2024-07-09
043b5a47f746e5bf8034d9add666a339,322311,Metal Fabricator,3,2024-07-09
47924ee8dc13e3867621fe3c3cae07bc,322312,Pressure Welder,3,2024-07-09
8fb3ac8f954e0f8d9120e1562cb2db39,322313,Welder (First Class) (Aus) \ Welder (NZ),3,2024-07-09
dc3c51ad1c702c52df1f628b0d942d70,323111,Aircraft Maintenance Engineer (Avionics),3,2024-07-09
6d262d2942a5bcf293e0a23127bfb889,323112,Aircraft Maintenance Engineer (Mechanical),3,2024-07-09
18717d6960b71f51c7c05a383a00c247,323113,Aircraft Maintenance Engineer (Structures),3,2024-07-09
9a3792f7623c7863061f0fb2b7b4808d,323211,Fitter (General),3,2024-07-09
0afd5d7e6a55f05aabad75d0e91d20c8,323212,Fitter and Turner,3,2024-07-09
4f86114b3fc99830329d16fe54b1df94,323213,Fitter-Welder,3,2024-07-09
de4b10653efb225feea6b204c9cd1f76,323214,Metal Machinist (First Class),3,2024-07-09
bbe75e8c3ebc55220aad987d6b337cfb,323215,"Textile, Clothing and Footwear Mechanic",3,2024-07-09
d306f7ad8b084784a53048a7438c1667,323299,Metal Fitters and Machinists nec,3,2024-07-09
5bc77e58ca22c9f5b889b6c0a1a07d09,323311,Engraver,3,2024-07-09
84961b8d1cf27018b8207f5b64f4de91,323312,Gunsmith,3,2024-07-09
feb47a3bc43b8230fa7ac3cb07152c2c,323313,Locksmith,3,2024-07-09
a608b2b81993dab6d3b80dc557c4b98d,323314,Precision Instrument Maker and Repairer,3,2024-07-09
9671f4fc98ca6b8899ea8040a46ce2e8,323315,Saw Maker and Repairer,3,2024-07-09
ae2e8200aea2e3ce26053782a0e4d097,323316,Watch and Clock Maker and Repairer,3,2024-07-09
cf642ec4f824da57beae0dd5355ba5c5,323411,Engineering Patternmaker,3,2024-07-09
0dfd557179ae3f01e6e67f4bbe58c244,323412,Toolmaker,3,2024-07-09
58555bac547421aaa9b4933c7ff29a74,324111,Panelbeater,3,2024-07-09
cafc976621d00e063cfd38fc087ad5f0,324211,Vehicle Body Builder,3,2024-07-09
1c0cb6643c2296aaa9a3dec7f9c4182a,324212,Vehicle Trimmer,3,2024-07-09
b2e54a58e0ad3b60e1fe40c954678527,324311,Vehicle Painter,3,2024-07-09
642589746de146b3021c0d158e45b78e,331111,Bricklayer,3,2024-07-09
7da1d9d94e88c9e7035a0a809cfb6415,331112,Stonemason,3,2024-07-09
a4b9b750c70ac960f2f45af1d623ac6c,331211,Carpenter and Joiner,3,2024-07-09
0f4e1c2b2b5249eaefa2a534aeb5fd72,331212,Carpenter,3,2024-07-09
fe9ff083d594de81bef85caf61c51455,331213,Joiner,3,2024-07-09
24ebad661415bb82ae9f9e92167a80d2,332111,Floor Finisher,3,2024-07-09
71f55003c9a36b40c4a094908f11fb77,332211,Painting Trades Worker,3,2024-07-09
23dbc03773da498d7aed042dd9e40d36,333111,Glazier,3,2024-07-09
92907e9e24565a66cfbab091f1d9513d,333211,Fibrous Plasterer,3,2024-07-09
c324e3b167b3a07e145e3878f07a68c8,333212,Solid Plasterer,3,2024-07-09
7b16d615f4820b8dff2320680fe6a1cc,333311,Roof Tiler,3,2024-07-09
9bf1028e9e609182e6f2e916c02cc45e,333411,Wall and Floor Tiler,3,2024-07-09
fe7d5ff5bbd29d45fbda2563d212f3f2,334111,Plumber (General),3,2024-07-09
d2d15cd028ada2a86b87be1949f8e518,334112,Airconditioning and Mechanical Services Plumber,3,2024-07-09
6602c2de756fd520589e57426dae89d8,334113,Drainer \ Drainlayer,3,2024-07-09
7ff449a857c43aab0b02c95e47154385,334114,Gasfitter,3,2024-07-09
28a094a8a302671969a440c5b1545747,334115,Roof Plumber,3,2024-07-09
70fba863aa5922c5a61c46355ffbe77a,341111,Electrician (General),3,2024-07-09
e0abd646437e48f5fab78f18dffa073e,341112,Electrician (Special Class),3,2024-07-09
9503ba698f1387c109d9af9ee8728dc7,341113,Lift Mechanic,3,2024-07-09
d0840db29ea19e6c1a2b21918c40471e,342111,Airconditioning and Refrigeration Mechanic,3,2024-07-09
1f6eb2ebf027873891fab90eb83823d4,342211,Electrical Linesworker \ Electrical Line Mechanic,3,2024-07-09
7f266678d339f4e95652cfff2a242839,342212,Technical Cable Jointer,3,2024-07-09
0c1552bb4192088a5922bab29b74409c,342311,Business Machine Mechanic,3,2024-07-09
1c899c5259df0f3bd03eb899d7096c45,342312,Communications Operator,3,2024-07-09
62a434488b6f3eb6db0894a94fc4c11f,342313,Electronic Equipment Trades Worker,3,2024-07-09
678267bc3d8d66261709eb508dbbd2a2,342314,Electronic Instrument Trades Worker (General),3,2024-07-09
1f784aa359970a977d162ed9d7842f7c,342315,Electronic Instrument Trades Worker (Special Class),3,2024-07-09
f369646d0fb0ad7d42da4023fd2a7071,342411,Cabler (Data and Telecommunications),3,2024-07-09
37aaf14a54f823c53a04685133ee4b0d,342412,Telecommunications Cable Jointer,3,2024-07-09
90ddbef3044b54d3e580eef517337264,342413,Telecommunications Linesworker \ Telecommunications Line Mechanic,3,2024-07-09
53df3ac0d23e1dfd86262be2e63f7932,342414,Telecommunications Technician,3,2024-07-09
543d5e950538a134fd8e8ef77a0ad0ea,351111,Baker,3,2024-07-09
cdbaef603d25fbd60abd5c00f366cf35,351112,Pastrycook,3,2024-07-09
9e5885139fa9fcaf1cfb61f523dca186,351211,Butcher or Smallgoods Maker,3,2024-07-09
b39f0c7af1e6f6593f83384b9d0d488f,351311,Chef,2,2024-07-09
653bfb2715e3fbbbe464083f59161eb1,351411,Cook,"3 Aus,4 NZ",2024-07-09
17691e0c2647062639e66149f3a80a1a,361111,Dog Handler or Trainer,3,2024-07-09
0890d641c76a02ded0f0cedacb207813,361112,Horse Trainer,3,2024-07-09
027f263d0ecac6e55425c18beb19b4fe,361113,Pet Groomer,4,2024-07-09
8f5de2f7cdda4b36b2b5a0ed93c4acb9,361114,Zookeeper,3,2024-07-09
c65e15f053f75cf3eec08ea3cc16c206,361115,Kennel Hand,4,2024-07-09
78fe833789d64bc1d92ffc11c6d889d5,361199,Animal Attendants and Trainers nec,4,2024-07-09
57d8e8bb5ca7c948778f9de5246dcf86,361211,Shearer,3,2024-07-09
c809c4ea7f66fd0815c94bc6815270c0,361311,Veterinary Nurse,3,2024-07-09
33aadd995dc934d657c38372029254f2,362111,Florist,3,2024-07-09
3d8e028b653d327a069b39a5ddcc566a,362211,Gardener (General),3,2024-07-09
af363f7cf6a891901a52468eed1f2d09,362212,Arborist,3,2024-07-09
38c4dcef840658111f7845bcaeef668e,362213,Landscape Gardener,3,2024-07-09
75ca2fc2458e027abd6232ead886cb04,362311,Greenkeeper,3,2024-07-09
21d9436db08b03e66ec14b6c28777fc1,362411,Nurseryperson,3,2024-07-09
96db313e4fd53534d65433df02178087,391111,Hairdresser,3,2024-07-09
edf0c431aa0dde3e3a71a0c2ec1c768a,392111,Print Finisher,3,2024-07-09
d02ee5f79627aadfd95b1669bbac9ae7,392112,Screen Printer,3,2024-07-09
8b7508f56f16273075a5a45c0398ae32,392211,Graphic Pre-press Trades Worker,3,2024-07-09
9fea0dc3c5385f65f5704790bc7762f5,392311,Printing Machinist,3,2024-07-09
6eee1c34227ef6c54b0052a307564521,392312,Small Offset Printer,3,2024-07-09
6ac1c206b309fde6608b32ba28b19ccd,393111,Canvas Goods Fabricator,3,2024-07-09
3dc0f3b0f192a9b28bd0200340357a85,393112,Leather Goods Maker,3,2024-07-09
d76d95d31352d3d812fe2ae798055cb3,393113,Sail Maker,3,2024-07-09
41200b5b41aca604367edc0c373618be,393114,Shoemaker,3,2024-07-09
1974e6cb1dd0890eaf389dc5da524d74,393211,Apparel Cutter,3,2024-07-09
3daa7651d60060d842d597dacdecab75,393212,Clothing Patternmaker,3,2024-07-09
a85c922940a70ae85eee1e7ad53b838b,393213,Dressmaker or Tailor,3,2024-07-09
96dd49bb84fb62279dbc7ae8047ac36b,393299,Clothing Trades Workers nec,3,2024-07-09
4ffe3c5bd5b071452451fa9d1b119f71,393311,Upholsterer,3,2024-07-09
b34a92ccd28fdbc160251bef62afe366,394111,Cabinetmaker,3,2024-07-09
6c0cd421526fecd969aa9da3a9639588,394211,Furniture Finisher,3,2024-07-09
799b1d5351a0e0dd3272e77067530cf3,394212,Picture Framer,3,2024-07-09
ddc3dd806f94794332b5123a5b62b30b,394213,Wood Machinist,3,2024-07-09
1065580d7db37c64c902b06ae73e88cf,394214,Wood Turner,3,2024-07-09
0c17484472341ca6cd75130134308c62,394299,Wood Machinists and Other Wood Trades Workers nec,3,2024-07-09
7cb69e3657c1777cdc1c138af79b91fe,399111,Boat Builder and Repairer,3,2024-07-09
aafc02453592d17eabfe0bf886beac8c,399112,Shipwright,3,2024-07-09
5c04e8cbb2a2e396667874d99f38886e,399211,Chemical Plant Operator,3,2024-07-09
7d0de1bbb285a8170aab64472a755dce,399212,Gas or Petroleum Operator,3,2024-07-09
3f2c4fe886bc5d64a50135f760fc1a69,399213,Power Generation Plant Operator,3,2024-07-09
de7011450872ef8df7b3df046eb0d16e,399311,Gallery or Museum Technician,2,2024-07-09
a8250df081636d9995ddbbe47cd6d629,399312,Library Technician,2,2024-07-09
f49965c52f89d4d267eeecbe13bda261,399411,Jeweller,3,2024-07-09
d8604959b482d741dd4178c3eec0928a,399511,Broadcast Transmitter Operator,3,2024-07-09
a88234c946855bbb15c46e957261a25f,399512,"Camera Operator (Film, Television or Video)",3,2024-07-09
e0f5e36e2ed9b2cc361c47474b5911bb,399513,Light Technician,3,2024-07-09
aa5eabc025226c7db7c9c23b8418458d,399514,Make Up Artist,3,2024-07-09
f56170b1e6155b91438c740168d13c05,399515,Musical Instrument Maker or Repairer,3,2024-07-09
1034c17bec41e7d1cfbf455aa86c958c,399516,Sound Technician,3,2024-07-09
a1f88691422be7fe94eb95dc51230398,399517,Television Equipment Operator,3,2024-07-09
61eba851120e3ea7f1b9b5c4607ed660,399599,Performing Arts Technicians nec,3,2024-07-09
2e84d15b382b37c8ee88bf25f7a38a5d,399611,Signwriter,3,2024-07-09
eda63af90c205e5326e6d2cb67d884ba,399911,Diver,3,2024-07-09
34e897dfcb96e4101441c38167820c8a,399912,Interior Decorator,2,2024-07-09
edc8892ded5943a67466eb11c42c1623,399913,Optical Dispenser \ Dispensing Optician,3,2024-07-09
46221196d46fefac42b475850f827fde,399914,Optical Mechanic,3,2024-07-09
470789716c882c9844e31fbe73c81f72,399915,Photographer's Assistant,4,2024-07-09
06a53a4bada23e9123e72fc1e1845df6,399916,Plastics Technician,3,2024-07-09
a4d0c8524dfbfa7438b071cde95035c2,399917,Wool Classer,"3 Aus,2 NZ",2024-07-09
0e2de525d414b54197c6b1a701f66329,399918,Fire Protection Equipment Technician,3,2024-07-09
6a2b50e288940201e5dd527a028ba2ad,399999,Technicians and Trades Workers nec,3,2024-07-09
248a90ab746c05937cd0f8aaecbe7d64,411111,Ambulance Officer,2,2024-07-09
3d44539d872d5f695c2d29a27d1b530e,411112,Intensive Care Ambulance Paramedic (Aus) \ Ambulance Paramedic (NZ),1,2024-07-09
b1be2999b3a570e86734191e0c27be8c,411211,Dental Hygienist,1,2024-07-09
1382ac7eb6a5637f080c718b5544d728,411212,Dental Prosthetist,2,2024-07-09
b6f6ec66cac534f740ce59bdeb2d7c0d,411213,Dental Technician,"2 Aus,1 NZ",2024-07-09
e04c3fc2959b88f0aab7f5eda083e7fd,411214,Dental Therapist,1,2024-07-09
7e68a757d556cef79d07b426ca951fbc,411311,Diversional Therapist,3,2024-07-09
2f75ac0ecfb0686d657f60c02589d227,411411,Enrolled Nurse,2,2024-07-09
fdeeadd927437ee50cbac0db7f5b42d2,411412,Mothercraft Nurse,2,2024-07-09
5fd870c5c2798c35aa27b4d1da926ad1,411511,Aboriginal and Torres Strait Islander Health Worker,2,2024-07-09
45ca04618d438dac327cc95296b93e8e,411512,Kaiawhina (Hauora) (Maori Health Assistant),2,2024-07-09
4a81414ed7189953c44143bb59eea6c4,411611,Massage Therapist,2,2024-07-09
92683bb7b9e315961a30a1ab1a8daa24,411711,Community Worker,2,2024-07-09
c28e58e1c407bf9f23d47c3b825aaa07,411712,Disabilities Services Officer,2,2024-07-09
13dae37bad352f4ce91d0aefed28686e,411713,Family Support Worker,2,2024-07-09
e52095d682b88ed8c7918caa73e22453,411714,Parole or Probation Officer,2,2024-07-09
b52d6eaf4dca92b8464cf4ed72b0b5fe,411715,Residential Care Officer,2,2024-07-09
1c65a3e0b555ee4307e543e90b68cad1,411716,Youth Worker,2,2024-07-09
862ca5c11f708ebc14b82a26b4c75b27,421111,Child Care Worker,3,2024-07-09
4118aaa5d47b4367fb780ee78354fd8b,421112,Family Day Care Worker,"4 Aus,3 NZ",2024-07-09
3a5caeb43efb8d5582a46d172f80c9aa,421113,Nanny,4,2024-07-09
77083b1842b01f281d6b8c7bd29bc264,421114,Out of School Hours Care Worker,3,2024-07-09
0580b0db20dacfdb7cb58152703bd5e8,422111,Aboriginal and Torres Strait Islander Education Worker,4,2024-07-09
f0cf449a84ee2799c2e66578f9231b9b,422112,Integration Aide,4,2024-07-09
92bd40c752a84f15f585c6494ae384d1,422113,Kaiawhina Kohanga Reo (Maori Language Nest Assistant),4,2024-07-09
c0011546f47f20df7ae57bb83c3acd4a,422114,Kaiawhina Kura Kaupapa Maori (Maori-medium School Assistant),4,2024-07-09
1bcf069b6deaac6b18b1165a558caefe,422115,Preschool Aide,4,2024-07-09
51be671830d0d7b1c27fbcc9b4195a6e,422116,Teachers' Aide,"4 Aus,3 NZ",2024-07-09
e0abda69cce90db2629931ad8fc01106,423111,Aged or Disabled Carer,4,2024-07-09
dccb303abd0e024b2bb74e8d44809134,423211,Dental Assistant,4,2024-07-09
d8987fce10d9e36242285dc95cdb017c,423311,Hospital Orderly,4,2024-07-09
8675c2688c7580412fb00542849f7b41,423312,Nursing Support Worker,4,2024-07-09
9fcb9d2e21b3b30f1a0370aeb994eea1,423313,Personal Care Assistant,4,2024-07-09
ae6ce7ac3f6e6b32cc6fae52baa81ea1,423314,Therapy Aide,4,2024-07-09
58ad674bb060ba331560ffcd0b616d75,423411,Child or Youth Residential Care Assistant,3,2024-07-09
b46e3104f47b605df93bada3bfed9364,423412,Hostel Parent,4,2024-07-09
e4626275b9ea64764441de29b5caa018,423413,Refuge Worker,3,2024-07-09
8e29fc2a6a202f3a6b5324bb6a322ab2,431111,Bar Attendant,4,2024-07-09
0f02670c528d2ac469a73c7b9b131ce0,431112,Barista,4,2024-07-09
40df10edc51394f74235a72980a12dd3,431211,Cafe Worker,5,2024-07-09
2eb17d915fd998d4d63c99a4a564d641,431311,Gaming Worker,4,2024-07-09
2a8d013249e22e01bc6cfdb09111f93c,431411,Hotel Service Manager,2,2024-07-09
edf90b9d4efccfc851bd2f8c850b5d57,431511,Waiter,4,2024-07-09
c8e1ec595476963430c084017927e8a1,431911,Bar Useful or Busser,5,2024-07-09
7a74a7bb651ccf4abfed3339fd826455,431912,Doorperson or Luggage Porter,5,2024-07-09
715da023b6b05f8493a61a50ec9c4b0d,431999,Hospitality Workers nec,5,2024-07-09
90fb1557741260624bd2b39b78e11669,441111,Defence Force Member - Other Ranks,3,2024-07-09
d3c24ae5e04031ec9224b1717bc9ac50,441211,Emergency Service Worker,3,2024-07-09
9b02f1a88d182b43d29bcfebd18558c7,441212,Fire Fighter,3,2024-07-09
13be6fb490688b77016c3b34ff2f718a,441311,Detective,2,2024-07-09
7e3fb7f1485fc9dd1d6033fc1527fe3f,441312,Police Officer,2,2024-07-09
1960960444ed9619b7ca6a494090c68c,442111,Prison Officer,4,2024-07-09
74105df122eed6d782dd18c3dfd1ff64,442211,"Alarm, Security or Surveillance Monitor",5,2024-07-09
048a0b5a8a0bf8bdd117a9aa54ec35fe,442212,Armoured Car Escort,5,2024-07-09
7e057ffd00afdb20cd9b06c7d9db2e8d,442213,Crowd Controller,4,2024-07-09
f2a29d600b461d4189fc90d0c85e2704,442214,Private Investigator,4,2024-07-09
2bb13d815faaaffb4864530ff9ac83ee,442215,Retail Loss Prevention Officer,5,2024-07-09
b1aaf7cfa2e765b4d7c12bbb90ac247c,442216,Security Consultant,3,2024-07-09
03d79f8dc2e949ea48d8c8d3d82a417c,442217,Security Officer,4,2024-07-09
82aa7681a271e30dc24e6e74790eee35,442299,Security Officers and Guards nec,5,2024-07-09
55b1bda5cfda2e328316046764b5a38b,451111,Beauty Therapist,3,2024-07-09
f0c209f6a672b5e07f4661d0939aa2fa,451211,Driving Instructor,3,2024-07-09
5e5fc26790080de624d44046017458bc,451311,Funeral Director,2,2024-07-09
be6198daa0bf03518ffda4ba08a43418,451399,Funeral Workers nec,3,2024-07-09
bb07e62abb7691d1feaa04fb690cddde,451411,Gallery or Museum Guide,4,2024-07-09
ead65534ac02bf27b86c687131958a0c,451412,Tour Guide,3,2024-07-09
47a33d735bdc7c99e6c67ca5d076b9db,451511,Natural Remedy Consultant,4,2024-07-09
2758b2d68dc988ccd745985f83d8c82d,451512,Weight Loss Consultant,4,2024-07-09
deb2a82272b3d81e28d77d559289512b,451513,Herbalist (Western),4,2024-07-09
e75368e61ad9d1f4eae858c34956f5c1,451611,Tourist Information Officer,4,2024-07-09
e60eac99f765cb7a149820ab13bfa19f,451612,Travel Consultant,3,2024-07-09
e770227f92807f124a45c6a46b796d5e,451711,Flight Attendant,3,2024-07-09
f2258de6a8485783e9c8ccd6e62379b8,451799,Travel Attendants nec,4,2024-07-09
3c3a388329c0b8f361d56d031b26115b,451811,Civil Celebrant,3,2024-07-09
667030d1fe7fc83abc837d8398f11de4,451812,Hair or Beauty Salon Assistant,5,2024-07-09
1b6ad33f5762755e9fdf1dbf033c8a6b,451813,Sex Worker or Escort,5,2024-07-09
210c67b8b536e6bcea965de16238fee7,451814,Body Artist,4,2024-07-09
d09c75239b2c08468a14e68f6044c20b,451815,First Aid Trainer,3,2024-07-09
f53c0315397fe66b68ec388aab3609dc,451816,Religious Assistant,4,2024-07-09
291b50a586ac8654d1f2f3a36a1d70fd,451899,Personal Service Workers nec,4,2024-07-09
8a8312c337afa165d1c5972cf3beb706,452111,Fitness Instructor,4,2024-07-09
9be32a4a8213b0f8f21a7da2faf6b23c,452211,Bungy Jump Master,2,2024-07-09
1b3b8a164ba6a514815628a30055e519,452212,Fishing Guide,3,2024-07-09
61ff334a5d123641085fd9a27db81aec,452213,Hunting Guide,3,2024-07-09
6bf2283dc34d0bb387fde50e92352120,452214,Mountain or Glacier Guide,2,2024-07-09
06ba6e8f960444829bcca6c333fdce06,452215,Outdoor Adventure Instructor,3,2024-07-09
b7566ebd893874ff477acf05315f0b95,452216,Trekking Guide,3,2024-07-09
1c9e7d094cf11351f8016335f1fb8c6d,452217,Whitewater Rafting Guide,3,2024-07-09
3c9abfab837014856ea843258ee79ff6,452299,Outdoor Adventure Guides nec,3,2024-07-09
10a1d3227ae36a2d381bc6ace84f9612,452311,Diving Instructor (Open Water),3,2024-07-09
9ac4099293b59768baf3b1a054caf250,452312,Gymnastics Coach or Instructor,4,2024-07-09
7277c09e8d58108d0fae6a13b2407c42,452313,Horse Riding Coach or Instructor,3,2024-07-09
1838486592f7e766d4fbf0605393aced,452314,Snowsport Instructor,3,2024-07-09
afb0e6ac7552d3c8cd63e5403cbb2cba,452315,Swimming Coach or Instructor,4,2024-07-09
a8ea9a1a1e8768796fd4c996e4f97734,452316,Tennis Coach,4,2024-07-09
e7562e4cd40307553653a4ab7855ce25,452317,Other Sports Coach or Instructor,4,2024-07-09
dd87b84cb8b6578c14acd9e761fd457d,452318,Dog or Horse Racing Official,3,2024-07-09
5065658ada0557b99e3af44709a4601d,452321,Sports Development Officer,2,2024-07-09
63e6a71d9249775460b86a0855adc0a4,452322,Sports Umpire,3,2024-07-09
acf942120dada68662073a91a0f88d4a,452323,Other Sports Official,3,2024-07-09
08b8f6f08cace311d45c178f1cc39b1a,452411,Footballer,3,2024-07-09
ac0988b7133ee42f72fc3f2103e791fd,452412,Golfer,3,2024-07-09
3332d39ea27c8d43875e51d28b826c84,452413,Jockey,3,2024-07-09
c78f29a1fc1c1739a912907426a48939,452414,Lifeguard,3,2024-07-09
5134c9d673d396358525a362b21d41c3,452499,Sportspersons nec,3,2024-07-09
0910a3b8e1b689fa512d24468875f026,511111,Contract Administrator,2,2024-07-09
2fd887beb47696e29e74be9e938cee8a,511112,Program or Project Administrator,2,2024-07-09
d71d1a4af28973b44c521320824a543b,512111,Office Manager,2,2024-07-09
8312f2ed03ecafb0d2682aea51794131,512211,Health Practice Manager,2,2024-07-09
e9e65d769c533b5002dd980bb109ea3e,512299,Practice Managers nec,2,2024-07-09
6edbd9fc320aa899586949826bdc4728,521111,Personal Assistant,2,2024-07-09
92115a08162019bb76579e92733b1017,521211,Secretary (General),2,2024-07-09
aae9de28f30a9f3fa550227a02c72bf7,521212,Legal Secretary,2,2024-07-09
2f54f9dcebef6fe54f6ebff7d3dbba93,531111,General Clerk,4,2024-07-09
c78bcdb525d6ded66ca9030cfbc07e00,532111,Data Entry Operator,4,2024-07-09
bdec51dddafb009dc6a0d42bad30ac2a,532112,Machine Shorthand Reporter,4,2024-07-09
413c34c58b1f80bccb66feab4818b392,532113,Word Processing Operator,4,2024-07-09
af5072953a2184e29b9acb58b8853c94,541111,Call or Contact Centre Team Leader,3,2024-07-09
adaeed6aaf4ad94ec7ec07c2032441cf,541112,Call or Contact Centre Operator,4,2024-07-09
de089fc3879bba83260a72b034133b49,541211,Information Officer,4,2024-07-09
e65ee66e7164faa56394bb73ab10d8e1,542111,Receptionist (General),4,2024-07-09
9830cbd95f1f7136fb6daa28f8ad9a45,542112,Admissions Clerk,4,2024-07-09
13481ffaa9be986dff3c0dd1fbd36bb0,542113,Hotel or Motel Receptionist,4,2024-07-09
876725f523cf2089e24acd8865fc480f,542114,Medical Receptionist,4,2024-07-09
bc5178b963201e2ae0352fd41f162a2c,551111,Accounts Clerk,4,2024-07-09
0488ae3f35507b26514b0a7585c623c4,551112,Cost Clerk,4,2024-07-09
75e4312399804b4835ba3159922f3085,551211,Bookkeeper,3,2024-07-09
9e6e67ea56319a1840c959818fd72fb9,551311,Payroll Clerk,4,2024-07-09
92bd254ebcde1e2e2d32109eb4695c3d,552111,Bank Worker,3,2024-07-09
ac521cfe04eb40d86b476060667a29ed,552211,Credit or Loans Officer (Aus) \ Finance Clerk (NZ),3,2024-07-09
467cb876f5461dd9641c41db5a2c61be,552311,Bookmaker,4,2024-07-09
448e7984ba3216476a7e44a00fe83449,552312,Insurance Consultant,4,2024-07-09
74a37d135cbeea104ba637fae59b19cc,552313,Money Market Clerk,4,2024-07-09
56f66dfcaa50fe9ffaccc0122840858f,552314,Statistical Clerk,4,2024-07-09
e8259bb84d46d0253c941f064fc1f8cc,561111,Betting Agency Counter Clerk,5,2024-07-09
5f75e77ad321bc295d16ffebb5e2c183,561112,Bookmaker's Clerk,5,2024-07-09
ba0d27a236ba9f5360b2066a7f63ea90,561113,Telephone Betting Clerk,5,2024-07-09
b22ae570f64b3140ea03272206f7b276,561199,Betting Clerks nec,5,2024-07-09
2762af8609dccd880258ead1c6171c09,561211,Courier,5,2024-07-09
1d782088be76b1efcbca39482a61d646,561212,Postal Delivery Officer,5,2024-07-09
dde97910f3dcc0422ce06874226ed0b1,561311,Filing or Registry Clerk,5,2024-07-09
b35fd45518f52276727249a9c8fe053a,561411,Mail Clerk,5,2024-07-09
023a5b584252c8d3e4a26b5a71d3bf78,561412,Postal Sorting Officer,5,2024-07-09
d4ede899a193df7782e40e59cee61698,561511,Survey Interviewer,5,2024-07-09
4c46a61d7add5894340d9cd3213447b1,561611,Switchboard Operator,5,2024-07-09
e21d4f872dccd29da50b19659e6658c2,561911,Classified Advertising Clerk,5,2024-07-09
4481b4ff80963f7baab006acf817355a,561912,Meter Reader,5,2024-07-09
ec4e3d8fbc59de779d45fefa6e8d9f26,561913,Parking Inspector,5,2024-07-09
b93d2b60046083cb9b8059fe68bf9a4c,561999,Clerical and Office Support Workers nec,5,2024-07-09
6bfa5e008f0fc022ff806194aefa9e0c,591112,Production Clerk,4,2024-07-09
a614762e3d3dcd398f6ef4a04304e674,591113,Purchasing Officer,4,2024-07-09
a398d3e80d572d9812b505bc2dd70a42,591115,Stock Clerk,4,2024-07-09
439317277f81e364491b627ba7e43f2b,591116,Warehouse Administrator,4,2024-07-09
15d8ba1360f2c79a4aef61e7e5c1f701,591117,Order Clerk,4,2024-07-09
c1fbbb2afa246045e0ac27f7eba70347,591211,Despatching and Receiving Clerk,4,2024-07-09
5c69f5913f3f3f5e1bfcdf9b890da3c9,591212,Import-Export Clerk,4,2024-07-09
422325b5529b507db2c0eee9efe5b0ee,599111,Conveyancer,2,2024-07-09
290daf8d02586908cd65ee749cbe749b,599112,Legal Executive,2,2024-07-09
9f84dd4dbb4645f8a06f7680eab3ce69,599211,Clerk of Court,3,2024-07-09
9faa7a12cce85cc20479279af58ab582,599212,Court Bailiff or Sheriff (Aus) \ Court Collections Officer (NZ),3,2024-07-09
dc305f22ab6b8c98f89cb7c6a12c6a6b,599213,Court Orderly (Aus) \ Court Registry Officer (NZ),3,2024-07-09
f7344db44156517d2ee4a91f2f58dd5d,599214,Law Clerk,3,2024-07-09
b7f1ae7fd5f54b12a8dc6ad38b016759,599215,Trust Officer,3,2024-07-09
027c3329e79ce87de162a4fe3ad672c4,599311,Debt Collector,4,2024-07-09
6d05c15c1c802ce4df7353cf2007435d,599411,Human Resource Clerk,4,2024-07-09
1882112c58c189ccea482119a68cd5d6,599511,Customs Officer,4,2024-07-09
b3581e9028594ff8c02716c73b957786,599512,Immigration Officer,4,2024-07-09
9b4952b5c0a3c0e69472b9631534ebf5,599513,Motor Vehicle Licence Examiner,4,2024-07-09
dc7ac347181dfd14138b43d6ed6b97a3,599514,Noxious Weeds and Pest Inspector,4,2024-07-09
1fafc10c02f666e84d15215ecdcc11af,599515,Social Security Assessor,4,2024-07-09
84bdcdf1ee9da85ca9f308c5936816df,599516,Taxation Inspector,4,2024-07-09
bb2365ae44c76ebe1b53a8bd045a475a,599517,Train Examiner,4,2024-07-09
68e473e7cfb6916f4f21066c85a15960,599518,Transport Operations Inspector,4,2024-07-09
41f8c13fd8b1589b9753e1949e1bb0d1,599521,Water Inspector,4,2024-07-09
ec43f901c879f5d6bd9e32c6e6aac206,599599,Inspectors and Regulatory Officers nec,4,2024-07-09
0d1dfe5541f39ef21c80751951b321c2,599611,Insurance Investigator,3,2024-07-09
8a3e2d4bc19284b24e31744927697517,599612,Insurance Loss Adjuster,3,2024-07-09
0d98e56989a64611ca6046cb5aea0d01,599613,Insurance Risk Surveyor,2,2024-07-09
a4405a547d0820c4c77e766d0f832456,599711,Library Assistant,4,2024-07-09
cf4ecfa1f13397bd306912b076dc6682,599912,"Production Assistant (Film, Television, Radio or Stage)",4,2024-07-09
5c7eaadc2659fac26514c5c4dbbee110,599913,Proof Reader,4,2024-07-09
f0815c8b3b12ec1b1ea7fd09b1d2436b,599914,Radio Despatcher,4,2024-07-09
d0195789b2e90fe9f472cc5ce84b77b5,599915,Clinical Coder,3,2024-07-09
e2cc5bd7fe7955caeef3f1fbb9e1d06e,599916,Facilities Administrator,4,2024-07-09
6267f738ea6e58e69c1b1a9c037f5fcd,599999,Clerical and Administrative Workers nec,4,2024-07-09
69bfdc29be56cd9f00635d7cb4624f43,611111,Auctioneer,3,2024-07-09
2c169c06b737d2b6fa2e46f300a3463d,611112,Stock and Station Agent,3,2024-07-09
04cbc609a4e635d76f11ace4f5a0d77d,611211,Insurance Agent,"3 Aus,2 NZ",2024-07-09
c0acf95f0c66adff1939546f81361d32,611311,Sales Representative (Building and Plumbing Supplies),4,2024-07-09
5befffc1f6d718b47b41e886b2649509,611312,Sales Representative (Business Services),4,2024-07-09
b1294d3e8a7059eb5e80e6fe579eeef6,611313,Sales Representative (Motor Vehicle Parts and Accessories),4,2024-07-09
6269807366d87fbdd35c74a6a1db2dd7,611314,Sales Representative (Personal and Household Goods),4,2024-07-09
e05051fbe9f10919f176063b173c304d,611399,Sales Representatives nec,4,2024-07-09
9fd5791c4a8c6cbd72e151b064cb5e55,612111,Business Broker,3,2024-07-09
48f8098fa2247517a1135f11e10b3721,612112,Property Manager,3,2024-07-09
bcbf3c22bc4232f0652ce1978cda382a,612113,Real Estate Agency Principal \ Real Estate Agency Licensee,2,2024-07-09
05de4af6f016f054182e4f6ab9a5c506,612114,Real Estate Agent,"3 Aus,2 NZ",2024-07-09
60012c4cc335df61f9ce175d1dc78462,612115,Real Estate Representative,3,2024-07-09
57a3abc1d2ccbe69ea5ae038c414e937,621111,Sales Assistant (General),5,2024-07-09
5a2bb3fa9bdecb287e46961a0c79ed3b,621211,ICT Sales Assistant,5,2024-07-09
b3c5c2ecdd03491e7f71711d4ace3270,621311,Motor Vehicle or Caravan Salesperson,4,2024-07-09
75e1ef364581656890d3390698b27e25,621312,Motor Vehicle Parts Interpreter \ Automotive Parts Salesperson,4,2024-07-09
369902664b0afd60426d307b343198fd,621411,Pharmacy Sales Assistant,5,2024-07-09
4f0ff435f7c4d0151a362f1326765520,621511,Retail Supervisor,4,2024-07-09
0ca8674e7840945bd8aeb30946c6b04d,621611,Service Station Attendant,5,2024-07-09
fd6f7e897dfc50d58eb3285a79caf790,621711,Cash Van Salesperson,5,2024-07-09
499f0f45ad79f4c85afdb148e6e80e63,621712,Door-to-door Salesperson,5,2024-07-09
6972518d692823ec9a6137a5bced620e,621713,Street Vendor,5,2024-07-09
24f09033021713428655111b37014902,621911,Materials Recycler,5,2024-07-09
312b53dab756ec448dce3ee6f115d3fe,621912,Rental Salesperson,5,2024-07-09
aa790ead98f28900fa9f7876e58ef129,621999,Sales Assistants and Salespersons nec,5,2024-07-09
50610a4f013884bdcccf210c58970a68,631111,Checkout Operator,5,2024-07-09
c1352f43612370a763ebb389d7d32f13,631112,Office Cashier,5,2024-07-09
266fd07cc57e200ebaf7c6656ec76b9a,639111,Model,5,2024-07-09
d328e7d82b71cb5dbe389cec8e3b2bd7,639112,Sales Demonstrator,5,2024-07-09
9c278f2527d62e96a774aef5bb2d8d11,639211,Retail Buyer,3,2024-07-09
644d936e513cd21a989bbbf341c1cb21,639212,Wool Buyer,3,2024-07-09
1b1750ca916a51455e8030c658c910e1,639311,Telemarketer,5,2024-07-09
4fef15ffc2492e3f942746653e8f62e9,639411,Ticket Seller,5,2024-07-09
ba372b872c312924d8a5b28a92822076,639412,Transport Conductor,5,2024-07-09
4b8a8f9e8c00ef56b42c02d1afa1fd48,639511,Visual Merchandiser,4,2024-07-09
c91a09e4ee3ca82e0661bdf5e500934b,639911,Other Sales Support Worker,4,2024-07-09
40a3a8af809e79725602c8886299f3b1,711111,Clay Products Machine Operator,4,2024-07-09
1b3e097cd66db9244ca54a73625360b1,711112,Concrete Products Machine Operator,4,2024-07-09
96d0d4777b297ff63d97ce0f16e58475,711113,Glass Production Machine Operator,4,2024-07-09
8754ef11732b537da3c8031da1f62d25,711114,Stone Processing Machine Operator,4,2024-07-09
3db2d3ea38e1fb1c573fb9ea8ccaca33,711199,"Clay, Concrete, Glass and Stone Processing Machine Operators nec",4,2024-07-09
2e2760167af846769d0fe14d59ac56a0,711211,Industrial Spraypainter,"4 Aus,3 NZ",2024-07-09
77db737dee7cc1c8dab035085061bb44,711311,Paper Products Machine Operator,"4 Aus,3 NZ",2024-07-09
8b36ed188febc85c0611d71d5635b31c,711313,Sawmilling Operator,"4 Aus,3 NZ",2024-07-09
8026ffda1593ec1434c3597d6f91072c,711314,Other Wood Processing Machine Operator,4,2024-07-09
33081b968352ce87f2567994a3206142,711411,Photographic Developer and Printer,4,2024-07-09
8a4a7d83dc7aed424462d109c507f606,711511,Plastic Cablemaking Machine Operator,4,2024-07-09
d0f9d825c748ad57445b49661e6f5284,711512,Plastic Compounding and Reclamation Machine Operator,4,2024-07-09
860888887975af71af1ab40ced7c1ba4,711513,Plastics Fabricator or Welder,4,2024-07-09
015e82e5c1084dda8d58b8e654bdf5a2,711514,Plastics Production Machine Operator (General),4,2024-07-09
f5016de0d813d5737944f08335affa35,711515,Reinforced Plastic and Composite Production Worker,4,2024-07-09
d36319e56b3431e6ed2e7b2109a4fde0,711516,Rubber Production Machine Operator,4,2024-07-09
0300c3cc3ede5b95c835a5dfc353e0ed,711599,Plastics and Rubber Production Machine Operators nec,4,2024-07-09
5324fc1816ed7bcf029aead56ed14322,711611,Sewing Machinist,"4 Aus,3 NZ",2024-07-09
3636d8ed82bf30b11840120c196a498b,711711,Footwear Production Machine Operator,"4 Aus,3 NZ",2024-07-09
7a1c29daedbe029f0956b57eb0c4e5c8,711712,Hide and Skin Processing Machine Operator,"4 Aus,3 NZ",2024-07-09
5c0281384a468938538b89a65af31121,711713,Knitting Machine Operator,"4 Aus,3 NZ",2024-07-09
67abd781a4f6c632bb26869efbae9a16,711714,Textile Dyeing and Finishing Machine Operator,"4 Aus,3 NZ",2024-07-09
b733bcabfaae9074274449f472858885,711715,Weaving Machine Operator,"4 Aus,3 NZ",2024-07-09
34b4d64d63c5cdd773cf58a4f7548e63,711716,Yarn Carding and Spinning Machine Operator,"4 Aus,3 NZ",2024-07-09
3aa248ecc8fe9620dca7f8aeb03f253b,711799,Textile and Footwear Production Machine Operators nec,"4 Aus,3 NZ",2024-07-09
1f6293065b15fcaa72ef2236cf26a26e,711911,Chemical Production Machine Operator,4,2024-07-09
582a3fe895cabbb3efc487eddb7e9a4d,711912,Motion Picture Projectionist,4,2024-07-09
50203a29ba6dda9070c67cfe7e1d7644,711913,Sand Blaster,4,2024-07-09
de5b6340bf01e7a86b11e972925cf6ab,711914,Sterilisation Technician,4,2024-07-09
34ffc70b703adf3797d24a59dfef6377,711999,Machine Operators nec,4,2024-07-09
ad37ca118b5e206479e2af962b73ac14,712111,"Crane, Hoist or Lift Operator","4 Aus,3 NZ",2024-07-09
2ef1dd514a607127533d69f2559043c4,712211,Driller,4,2024-07-09
ace6b4ff99b43c24b48af8e95054d96d,712212,Miner,4,2024-07-09
d75bd77a660ba7d95b7e9e4938fe8483,712213,Shot Firer,4,2024-07-09
3f5a9fc3f04ee99610e02b666bbc656d,712311,Engineering Production Worker,4,2024-07-09
d3e07c52de9081ef24bf550d302096ec,712911,Boiler or Engine Operator,4,2024-07-09
b79dcf40d628e251105000cbb3e011d2,712912,Bulk Materials Handling Plant Operator,4,2024-07-09
74a1fab8561ebf3445b07207376742fe,712913,Cement Production Plant Operator,4,2024-07-09
b338e0e1eb0b58765568ac77aa986284,712914,Concrete Batching Plant Operator,4,2024-07-09
f4fd2cda67ab98399939ad708e3a84a0,712915,Concrete Pump Operator,4,2024-07-09
b33969327f76665e83bd62fd37fff95d,712916,Paper and Pulp Mill Operator,"4 Aus,3 NZ",2024-07-09
f910ddc0914ec5d7416e7497b8ed966d,712917,Railway Signal Operator,4,2024-07-09
9598de6ac904da7bb8a8dfd64ea42afe,712918,Train Controller,4,2024-07-09
ee307ba5c1539bd9acbc5194c64fdca2,712921,Waste Water or Water Plant Operator,"4 Aus,3 NZ",2024-07-09
5ae2b05f7a3ed7d7b5eefecbb2ca46db,712922,Weighbridge Operator,4,2024-07-09
4b86ee59924af4ce01ee1d1da20443d6,712999,Stationary Plant Operators nec,4,2024-07-09
5abe4d7a7af24ce36c8db4b92511a485,721111,Agricultural and Horticultural Mobile Plant Operator,4,2024-07-09
374239b5c8e680b957ed2c00bee43210,721112,Logging Plant Operator,"4 Aus,3 NZ",2024-07-09
3dadf34b1e944e8d5d97013a2d099f01,721211,Earthmoving Plant Operator (General),4,2024-07-09
c8f9afd5489548402f116f313bb1a4fa,721212,Backhoe Operator,4,2024-07-09
57f2a42031c4e35f4c66d8384badd6b5,721213,Bulldozer Operator,4,2024-07-09
2f1b0d322c46bed9ec6becd899d46b60,721214,Excavator Operator,4,2024-07-09
95bedb852124a3b7bdd08efbb7d09ad1,721215,Grader Operator,4,2024-07-09
adebcbe061274f1c6c4bac89c0afaafa,721216,Loader Operator,4,2024-07-09
c7e340aff4eabd8acd28f8dbb2d4c179,721311,Forklift Driver,4,2024-07-09
353614330aa8b308e9e5b1e5e15962ff,721911,Aircraft Baggage Handler and Airline Ground Crew,4,2024-07-09
9aac832a8591325a7a69da804911cf9b,721912,Linemarker,4,2024-07-09
78ceb598f90c726fffb54735ba5401a7,721913,Paving Plant Operator,"4 Aus,3 NZ",2024-07-09
6c9783e969dd623ad35baf6c2e67643f,721914,Railway Track Plant Operator,4,2024-07-09
32c04d9b4cd8af1955ad18ed21d11f0b,721915,Road Roller Operator,4,2024-07-09
17798a3a87aa437db188aca64b33b85b,721916,Streetsweeper Operator,4,2024-07-09
c570ab406b4912f6b060fe837b292a32,721999,Mobile Plant Operators nec,4,2024-07-09
7d667708518cc93912644cba6c3e3ddb,731111,Chauffeur,4,2024-07-09
6850a79542b17416007ad17fc1fafff5,731112,Taxi Driver,4,2024-07-09
39c83f31b48f7d99fe9482ef9e2939e9,731199,Automobile Drivers nec,4,2024-07-09
27689da8210758ab33c7ca28e0e7ffea,731211,Bus Driver,4,2024-07-09
e8d5de1f3dc645f3d3831e34096327fb,731212,Charter and Tour Bus Driver,4,2024-07-09
450fa8c229cb0c4caf6bd73c427d3244,731213,Passenger Coach Driver,4,2024-07-09
a9df4e92399fb2646049c9843f95efc8,731311,Train Driver,"4 Aus,3 NZ",2024-07-09
fd666574edc68e327273a7fe7b3eb729,731312,Tram Driver,4,2024-07-09
abda84caf160e1c96c9b7228211aa83e,732111,Delivery Driver,4,2024-07-09
fa7e07802e3c7a156b6eba2726cdb5cc,733111,Truck Driver (General),4,2024-07-09
722289d2b20d1958a2af2566d316a101,733112,Aircraft Refueller,4,2024-07-09
944ae43c307e353d430f74179c1e57ea,733113,Furniture Removalist,4,2024-07-09
7ccd642155aa8be6778e6d80c6c52532,733114,Tanker Driver,4,2024-07-09
69e14289e53415a76822f4ef5d0c3eee,733115,Tow Truck Driver,4,2024-07-09
9ea1b1c383c953770c2c4ce3c548542b,741111,Storeperson,4,2024-07-09
42fb1e2ad758e39213f409a18cf64df3,811111,Car Detailer,5,2024-07-09
503633197d7ef7275709c92b9cbdc2fd,811211,Commercial Cleaner,"5 Aus,4 NZ",2024-07-09
10b0e60e2fc08abb707edc193f76e721,811311,Domestic Cleaner,5,2024-07-09
31a575f28952c5d9c924fe8687ee5105,811411,Commercial Housekeeper,5,2024-07-09
e305dd490b12881383f3a5fefa3a1e72,811412,Domestic Housekeeper,5,2024-07-09
fc0cc6b1b6f5629ae1109da53abdc334,811511,Laundry Worker (General),5,2024-07-09
1cb421528a4d0dc04b99a2ae56a53161,811512,Drycleaner,5,2024-07-09
1cdcca6fa730ec5b4058006fad6b601d,811513,Ironer or Presser,5,2024-07-09
0c556d8de406731fad63c2f5863ee412,811611,Carpet Cleaner,4,2024-07-09
43b2b67dff93f1e5343713b489bc23cc,811612,Window Cleaner,5,2024-07-09
3ff6c8b258e2d29d7239f182c506a653,811699,Cleaners nec,5,2024-07-09
7a77e10e1571e270507dfc668853367d,821111,Builder's Labourer,5,2024-07-09
3f5ec16f05b0ee6ac20a62063e49d02a,821112,"Drainage, Sewerage and Stormwater Labourer",5,2024-07-09
837edc71311275fe5df93def508f844b,821113,Earthmoving Labourer,5,2024-07-09
4a94c06316119d9c2cda2b18f0c1ef40,821114,Plumber's Assistant,5,2024-07-09
ddc1a249c3bdfd600757b858c141936a,821211,Concreter,5,2024-07-09
ec90993970e83ab32a1d82cb13c5ea6e,821311,Fencer,4,2024-07-09
0ceb17a7ab7df6ab2adacaccd74c4949,821411,Building Insulation Installer,4,2024-07-09
2d308724668bfe9ff77c4600abb0faa9,821412,Home Improvement Installer,4,2024-07-09
f8d76b0b7ec053cc340e7d93e075add0,821511,Paving and Surfacing Labourer,"5 Aus,4 NZ",2024-07-09
966ddd993968e37620623e35ad454c6e,821611,Railway Track Worker,4,2024-07-09
86f156ab4498d9412cdbc8253dad06dc,821711,Construction Rigger,"4 Aus,3 NZ",2024-07-09
38126fd9da03a95a27c0c7717786e76a,821712,Scaffolder,4,2024-07-09
dcd22cd8128ae87556dc9963eddbdd2c,821713,Steel Fixer,4,2024-07-09
33394eedcd857fc93944cc748227c62a,821714,Structural Steel Erector,4,2024-07-09
a9f4a8b263d2993feeb0507084bc1196,821911,Crane Chaser,4,2024-07-09
429465f19883d3eaa2a0885b367f3e1e,821912,Driller's Assistant,5,2024-07-09
1398588ab3cf868bccc3ab12d7399fd9,821913,Lagger,5,2024-07-09
2c06af2277f49bb3c16c66b82db005ee,821914,Mining Support Worker,5,2024-07-09
4d6c0a8d45c905310657d8f86e384b5e,821915,Surveyor's Assistant,5,2024-07-09
a699488e441b1157941cb31b1c5e4b28,831111,Baking Factory Worker,"5 Aus,4 NZ",2024-07-09
787eccab05c22abbc0ca3c3cc389ac4b,831112,Brewery Worker,"5 Aus,4 NZ",2024-07-09
15c24961086972e52ad165223134b5d6,831113,Confectionery Maker,"5 Aus,4 NZ",2024-07-09
920d202048d6ba0ad65cbfb1d93a1286,831114,Dairy Products Maker,5,2024-07-09
b1e5424835d02e6823bf87e58bf92bbc,831115,Fruit and Vegetable Factory Worker,5,2024-07-09
2f4b7f9b32faf6bb0c27b54eb014df52,831116,Grain Mill Worker,"5 Aus,4 NZ",2024-07-09
9926e817747756b71c70670c1138601a,831117,Sugar Mill Worker,"5 Aus,4 NZ",2024-07-09
65aee81b96760e16443b840995a654b4,831118,Winery Cellar Hand,"5 Aus,4 NZ",2024-07-09
51f8e215a82470d6381f10042157c88b,831199,Food and Drink Factory Workers nec,"5 Aus,4 NZ",2024-07-09
c9d9b253815e542b76f915637ea27a20,831211,Meat Boner and Slicer,4,2024-07-09
94aa1cd5f0f5243673fe52d411261fe2,831212,Slaughterer,4,2024-07-09
8c973c90152970dd5a293402b3b4cf98,831311,Meat Process Worker,5,2024-07-09
824ef52a2031c19058e0744f63f29043,831312,Poultry Process Worker,5,2024-07-09
ad3057a8715e1a277c7020971462d839,831313,Seafood Process Worker,5,2024-07-09
036a203be7a6d3e21848713e27dd052f,832111,Chocolate Packer,5,2024-07-09
cd3e6439092498d84a9e1ca70c47aeb1,832112,Container Filler,5,2024-07-09
6c85724311a1f4444ec8b44d598dbe64,832113,Fruit and Vegetable Packer,5,2024-07-09
9fa90aa4149b6beefdd2d78d85e63563,832114,Meat Packer,5,2024-07-09
62a067872763c2c39ee852c20e6d2de5,832115,Seafood Packer,5,2024-07-09
16da46e06693fd4a3dab26b58c4186b2,832199,Packers nec,5,2024-07-09
5a1a7b654e726aed84d700a1eb439d7f,832211,Product Assembler,5,2024-07-09
333136567a522bd804fcb838f434c652,839111,Metal Engineering Process Worker,5,2024-07-09
bdccd29113b77c90a717f629158cb0f7,839211,Plastics Factory Worker,"5 Aus,4 NZ",2024-07-09
5e57b99025a94bf250a36b70d57a8f11,839212,Rubber Factory Worker,"5 Aus,4 NZ",2024-07-09
4c7876967f34791c8c46d96789eb55d2,839311,Product Examiner,4,2024-07-09
593202a13d5047628e6bccd2153c8324,839312,Product Grader,4,2024-07-09
ab9835fcdb1a761a40eb64ff8ca92f6f,839313,Product Tester,4,2024-07-09
bc85adc1b6f93e9364eff9e8aa846177,839411,Paper and Pulp Mill Worker,"5 Aus,4 NZ",2024-07-09
50147b6ea8de507f533f155812a869bc,839412,Sawmill or Timber Yard Worker,"5 Aus,4 NZ",2024-07-09
175128e9a103e87cd2f7526da668dbd1,839413,Wood and Wood Products Factory Worker,"5 Aus,4 NZ",2024-07-09
41e4ec110293eb71010c52d468c87c3f,839911,Cement and Concrete Plant Worker,"5 Aus,4 NZ",2024-07-09
39c10762aa1a406f3c46f8ea87765ab4,839912,Chemical Plant Worker,"5 Aus,4 NZ",2024-07-09
edb6ab8a6d1ec5eb0b08aa2ff451d8fe,839913,Clay Processing Factory Worker,"5 Aus,4 NZ",2024-07-09
364e5493d6031b932388fb08224a8c32,839914,Fabric and Textile Factory Worker,"5 Aus,4 NZ",2024-07-09
f01e731db1792937b06562d2761c9f55,839915,Footwear Factory Worker,"5 Aus,4 NZ",2024-07-09
5bc4c9bffb30feb9c529100e24a44127,839916,Glass Processing Worker,"5 Aus,4 NZ",2024-07-09
aace4d231d924b543f4e0905ef8ce70a,839917,Hide and Skin Processing Worker,"5 Aus,4 NZ",2024-07-09
d2c5ecc21dfabb3e4dad810973dc5c34,839918,Recycling Worker,"5 Aus,4 NZ",2024-07-09
dd5e964d96ea1b58c0c88f84dde0e80d,839999,Factory Process Workers nec,"5 Aus,4 NZ",2024-07-09
def588ef3eded3a55577f69e412cf15d,841111,Aquaculture Worker,5,2024-07-09
2ede43e9025ee975e093034483c27045,841211,Fruit or Nut Farm Worker,5,2024-07-09
986f03b4adbb4bc97d80675c5bddda19,841212,Fruit or Nut Picker,5,2024-07-09
f752138885e399fc1c8b510588080e45,841213,"Grain, Oilseed or Pasture Farm Worker (Aus) \ Field Crop Farm Worker (NZ)",5,2024-07-09
a24e5649bf6299eac951362b66a3e1ad,841214,Vegetable Farm Worker (Aus) \ Market Garden Worker (NZ),5,2024-07-09
a75eb1ca5a303d912fc35d43650d6bac,841215,Vegetable Picker,5,2024-07-09
3d9f82fce01c6c0a6e1238a2eb89a44b,841216,Vineyard Worker,5,2024-07-09
bd7bf7ea79cdb9e745eb373d3fb94f9f,841217,Mushroom Picker,5,2024-07-09
862376006991dea5d2833c9818894a12,841299,Crop Farm Workers nec,5,2024-07-09
4a9fb1b3b514c348add22f1ff9274426,841311,Forestry Worker,4,2024-07-09
de456d035aea82e0d8aa2f6bcfad10a9,841312,Logging Assistant,4,2024-07-09
2c33c3c74bde87c35adbd69a34bf8d29,841313,Tree Faller,4,2024-07-09
260a0c392d85545876028a865d903143,841411,Garden Labourer,5,2024-07-09
b83a7d90cd8a4be855d09eab47ce8d75,841412,Horticultural Nursery Assistant,5,2024-07-09
863e925de026127144eb8d9005b47b7c,841511,Beef Cattle Farm Worker,5,2024-07-09
bd7243e977420a48d6973c6154fc9e53,841512,Dairy Cattle Farm Worker,5,2024-07-09
fec66b1808d2591a7a326ca9777d7ba6,841513,Mixed Livestock Farm Worker,5,2024-07-09
731a8e5524dc7766c56bfa41c8645557,841514,Poultry Farm Worker,5,2024-07-09
c5035aa2209b0d85c32a8bdd6bc364bd,841515,Sheep Farm Worker,5,2024-07-09
8d1ea4dbe4a5e4fc32d37cda18ada9f8,841516,Stablehand,5,2024-07-09
ecbb4adb58422e5748d1ac22fff2ce93,841517,Wool Handler,5,2024-07-09
c6abdcf920413e6aad8342e5e9012f73,841599,Livestock Farm Workers nec,5,2024-07-09
c3483b4caf206a2c89b713eb29e2d5da,841611,Mixed Crop and Livestock Farm Worker,5,2024-07-09
a21e6fcbd84c9c8808f83d35f53b4679,841911,Hunter-Trapper,5,2024-07-09
050c43cab0a0fc7623747811ad457bb4,841913,Pest Controller,4,2024-07-09
50cfc1ed153f3a1555909a2d844b94c8,841999,"Farm, Forestry and Garden Workers nec",5,2024-07-09
3e16470e10b45cc4039598178fe7fa57,851111,Fast Food Cook,5,2024-07-09
81ca05ebf2894c9a976c7d659de75fee,851211,Pastrycook's Assistant,5,2024-07-09
cedc566e3732f054d4eee457797c4a06,851299,Food Trades Assistants nec,5,2024-07-09
1a3aa45fcdc50ecb4a983cde0bcc2634,851311,Kitchenhand,5,2024-07-09
7d925c1ce69bd4dcedab4119c7af9862,891111,Freight Handler (Rail or Road),5,2024-07-09
db0a7dbe8984746472fa1b8ea8758be5,891112,Truck Driver's Offsider,5,2024-07-09
a2abb0fb9cc999d2acbbbfe713b57597,891113,Waterside Worker,5,2024-07-09
fd766cf4f20d73d38e5520b54f12ede3,891211,Shelf Filler,5,2024-07-09
9af7e96db7853cb0d07cd2159659037d,899111,Caretaker,5,2024-07-09
5b477617971766039dec1533d4673b5b,899211,Deck Hand,4,2024-07-09
c24e3d307a25aaee53814bef45396b01,899212,Fishing Hand,4,2024-07-09
1a9c4dd095027dbf93393076e633801a,899311,Handyperson,5,2024-07-09
2985bc9ff1c0505e899f3633e1b930db,899411,Motor Vehicle Parts and Accessories Fitter (General),4,2024-07-09
0341c6d3d6d9e7f185d9cd24c3f74fa6,899412,Autoglazier,4,2024-07-09
b4a7b85723b744760a2b165ee79eabeb,899413,Exhaust and Muffler Repairer,4,2024-07-09
1c8e6df1e1952ba4254ff0b2d81e1258,899414,Radiator Repairer,4,2024-07-09
01c7bd6c93484e6ff9218e41b32c5742,899415,Tyre Fitter,4,2024-07-09
6e6a9ec359a9f17df7a649488948113a,899511,Printer's Assistant,4,2024-07-09
b0ec140a1f8f266a139703aa8b5b6254,899512,Printing Table Worker,4,2024-07-09
276bf09f50782eaf791b9a7b9751260f,899611,Recycling or Rubbish Collector,5,2024-07-09
3473dc24e78ca995e1fef591f57eaa3d,899711,Vending Machine Attendant,5,2024-07-09
c2e6ccc79fa72eab202f83df35417763,899911,Bicycle Mechanic,5,2024-07-09
afd353277c4146b4263aba5f33a0df0e,899912,Car Park Attendant,5,2024-07-09
8992591f702da3e56fd5fb3c7f21e3eb,899913,Crossing Supervisor,5,2024-07-09
9d930389d66c8512ed4e4c1c346b506f,899914,Electrical or Telecommunications Trades Assistant,5,2024-07-09
3e8d9526661609bc192e12484d3ea5cf,899915,Leaflet or Newspaper Deliverer,5,2024-07-09
fe8f9310e07c7df09602a650d5324115,899916,Mechanic's Assistant,5,2024-07-09
846e583af6828db164e756f3384a404a,899917,Railways Assistant,5,2024-07-09
681a588991116ea84e21cf315882360f,899918,Sign Erector,5,2024-07-09
89cb94df9820db5ceba5df3f23373c2a,899921,Ticket Collector or Usher,5,2024-07-09
0fbeea5aec268fbc242f40cb48c250f1,899922,Trolley Collector,5,2024-07-09
3663b4e411fbd0598cd29b66ca1a5e8b,899923,Road Traffic Controller,5,2024-07-09
5c8b759bd61df81ae5eeb22e17e51a9b,899999,Labourers nec,5,2024-07-09
